timeStamp,elapsed,label,responseCode,responseMessage,threadName,success,bytes,sentBytes,grpThreads,allThreads,Latency,Hostname,Connect
1548168504582,-1938,150.128.97.79 Disks I/O,,,,true,0,0,0,0,0,DESKTOP-PNUP7SF,0
1548168504588,40333,150.128.97.79 Memory,,,,true,0,0,0,0,0,DESKTOP-PNUP7SF,0
1548168504589,0,150.128.97.79 Network I/O,,,,true,0,0,0,0,0,DESKTOP-PNUP7SF,0
1548168504589,50753,150.128.97.79 CPU,,,,true,0,0,0,0,0,DESKTOP-PNUP7SF,0
1548168505590,-2000,150.128.97.79 Disks I/O,,,,true,0,0,0,0,0,DESKTOP-PNUP7SF,0
1548168505590,40334,150.128.97.79 Memory,,,,true,0,0,0,0,0,DESKTOP-PNUP7SF,0
1548168505590,9568000,150.128.97.79 Network I/O,,,,true,0,0,0,0,0,DESKTOP-PNUP7SF,0
1548168505590,51269,150.128.97.79 CPU,,,,true,0,0,0,0,0,DESKTOP-PNUP7SF,0
1548168506591,-2000,150.128.97.79 Disks I/O,,,,true,0,0,0,0,0,DESKTOP-PNUP7SF,0
1548168506591,40335,150.128.97.79 Memory,,,,true,0,0,0,0,0,DESKTOP-PNUP7SF,0
1548168506591,10592000,150.128.97.79 Network I/O,,,,true,0,0,0,0,0,DESKTOP-PNUP7SF,0
1548168506591,50753,150.128.97.79 CPU,,,,true,0,0,0,0,0,DESKTOP-PNUP7SF,0
1548168507592,-2000,150.128.97.79 Disks I/O,,,,true,0,0,0,0,0,DESKTOP-PNUP7SF,0
1548168507593,40335,150.128.97.79 Memory,,,,true,0,0,0,0,0,DESKTOP-PNUP7SF,0
1548168507593,7952000,150.128.97.79 Network I/O,,,,true,0,0,0,0,0,DESKTOP-PNUP7SF,0
1548168507593,50872,150.128.97.79 CPU,,,,true,0,0,0,0,0,DESKTOP-PNUP7SF,0
1548168508593,-2000,150.128.97.79 Disks I/O,,,,true,0,0,0,0,0,DESKTOP-PNUP7SF,0
1548168508594,40335,150.128.97.79 Memory,,,,true,0,0,0,0,0,DESKTOP-PNUP7SF,0
1548168508594,7522000,150.128.97.79 Network I/O,,,,true,0,0,0,0,0,DESKTOP-PNUP7SF,0
1548168508594,52261,150.128.97.79 CPU,,,,true,0,0,0,0,0,DESKTOP-PNUP7SF,0
1548168509594,-2000,150.128.97.79 Disks I/O,,,,true,0,0,0,0,0,DESKTOP-PNUP7SF,0
1548168509595,40335,150.128.97.79 Memory,,,,true,0,0,0,0,0,DESKTOP-PNUP7SF,0
1548168509595,7151000,150.128.97.79 Network I/O,,,,true,0,0,0,0,0,DESKTOP-PNUP7SF,0
1548168509595,50757,150.128.97.79 CPU,,,,true,0,0,0,0,0,DESKTOP-PNUP7SF,0
1548168510595,-2000,150.128.97.79 Disks I/O,,,,true,0,0,0,0,0,DESKTOP-PNUP7SF,0
1548168510596,40337,150.128.97.79 Memory,,,,true,0,0,0,0,0,DESKTOP-PNUP7SF,0
1548168510596,7826000,150.128.97.79 Network I/O,,,,true,0,0,0,0,0,DESKTOP-PNUP7SF,0
1548168510596,51249,150.128.97.79 CPU,,,,true,0,0,0,0,0,DESKTOP-PNUP7SF,0
1548168511599,-2000,150.128.97.79 Disks I/O,,,,true,0,0,0,0,0,DESKTOP-PNUP7SF,0
1548168511599,40337,150.128.97.79 Memory,,,,true,0,0,0,0,0,DESKTOP-PNUP7SF,0
1548168511599,8164000,150.128.97.79 Network I/O,,,,true,0,0,0,0,0,DESKTOP-PNUP7SF,0
1548168511600,51620,150.128.97.79 CPU,,,,true,0,0,0,0,0,DESKTOP-PNUP7SF,0
1548168512600,-2000,150.128.97.79 Disks I/O,,,,true,0,0,0,0,0,DESKTOP-PNUP7SF,0
1548168512601,40337,150.128.97.79 Memory,,,,true,0,0,0,0,0,DESKTOP-PNUP7SF,0
1548168512601,7142000,150.128.97.79 Network I/O,,,,true,0,0,0,0,0,DESKTOP-PNUP7SF,0
1548168512601,51256,150.128.97.79 CPU,,,,true,0,0,0,0,0,DESKTOP-PNUP7SF,0
1548168513602,-2000,150.128.97.79 Disks I/O,,,,true,0,0,0,0,0,DESKTOP-PNUP7SF,0
1548168513603,40337,150.128.97.79 Memory,,,,true,0,0,0,0,0,DESKTOP-PNUP7SF,0
1548168513603,6844000,150.128.97.79 Network I/O,,,,true,0,0,0,0,0,DESKTOP-PNUP7SF,0
1548168513603,52867,150.128.97.79 CPU,,,,true,0,0,0,0,0,DESKTOP-PNUP7SF,0
1548168514604,-2000,150.128.97.79 Disks I/O,,,,true,0,0,0,0,0,DESKTOP-PNUP7SF,0
1548168514605,40337,150.128.97.79 Memory,,,,true,0,0,0,0,0,DESKTOP-PNUP7SF,0
1548168514605,8281000,150.128.97.79 Network I/O,,,,true,0,0,0,0,0,DESKTOP-PNUP7SF,0
1548168514605,51758,150.128.97.79 CPU,,,,true,0,0,0,0,0,DESKTOP-PNUP7SF,0
1548168515606,-2000,150.128.97.79 Disks I/O,,,,true,0,0,0,0,0,DESKTOP-PNUP7SF,0
1548168515607,40335,150.128.97.79 Memory,,,,true,0,0,0,0,0,DESKTOP-PNUP7SF,0
1548168515607,9508000,150.128.97.79 Network I/O,,,,true,0,0,0,0,0,DESKTOP-PNUP7SF,0
1548168515607,50886,150.128.97.79 CPU,,,,true,0,0,0,0,0,DESKTOP-PNUP7SF,0
1548168516607,-2000,150.128.97.79 Disks I/O,,,,true,0,0,0,0,0,DESKTOP-PNUP7SF,0
1548168516608,40335,150.128.97.79 Memory,,,,true,0,0,0,0,0,DESKTOP-PNUP7SF,0
1548168516608,9274000,150.128.97.79 Network I/O,,,,true,0,0,0,0,0,DESKTOP-PNUP7SF,0
1548168516608,51492,150.128.97.79 CPU,,,,true,0,0,0,0,0,DESKTOP-PNUP7SF,0
1548168517609,-2000,150.128.97.79 Disks I/O,,,,true,0,0,0,0,0,DESKTOP-PNUP7SF,0
1548168517610,40335,150.128.97.79 Memory,,,,true,0,0,0,0,0,DESKTOP-PNUP7SF,0
1548168517610,6422000,150.128.97.79 Network I/O,,,,true,0,0,0,0,0,DESKTOP-PNUP7SF,0
1548168517610,51629,150.128.97.79 CPU,,,,true,0,0,0,0,0,DESKTOP-PNUP7SF,0
1548168518611,-1992,150.128.97.79 Disks I/O,,,,true,0,0,0,0,0,DESKTOP-PNUP7SF,0
1548168518611,40344,150.128.97.79 Memory,,,,true,0,0,0,0,0,DESKTOP-PNUP7SF,0
1548168518611,5722000,150.128.97.79 Network I/O,,,,true,0,0,0,0,0,DESKTOP-PNUP7SF,0
1548168518612,54545,150.128.97.79 CPU,,,,true,0,0,0,0,0,DESKTOP-PNUP7SF,0
1548168519613,-2000,150.128.97.79 Disks I/O,,,,true,0,0,0,0,0,DESKTOP-PNUP7SF,0
1548168519614,40344,150.128.97.79 Memory,,,,true,0,0,0,0,0,DESKTOP-PNUP7SF,0
1548168519614,6961000,150.128.97.79 Network I/O,,,,true,0,0,0,0,0,DESKTOP-PNUP7SF,0
1548168519614,51378,150.128.97.79 CPU,,,,true,0,0,0,0,0,DESKTOP-PNUP7SF,0
1548168520615,-2000,150.128.97.79 Disks I/O,,,,true,0,0,0,0,0,DESKTOP-PNUP7SF,0
1548168520615,40333,150.128.97.79 Memory,,,,true,0,0,0,0,0,DESKTOP-PNUP7SF,0
1548168520615,7706000,150.128.97.79 Network I/O,,,,true,0,0,0,0,0,DESKTOP-PNUP7SF,0
1548168520615,50626,150.128.97.79 CPU,,,,true,0,0,0,0,0,DESKTOP-PNUP7SF,0
1548168521616,-2000,150.128.97.79 Disks I/O,,,,true,0,0,0,0,0,DESKTOP-PNUP7SF,0
1548168521616,40333,150.128.97.79 Memory,,,,true,0,0,0,0,0,DESKTOP-PNUP7SF,0
1548168521616,8938000,150.128.97.79 Network I/O,,,,true,0,0,0,0,0,DESKTOP-PNUP7SF,0
1548168521616,50502,150.128.97.79 CPU,,,,true,0,0,0,0,0,DESKTOP-PNUP7SF,0
1548168522617,-2000,150.128.97.79 Disks I/O,,,,true,0,0,0,0,0,DESKTOP-PNUP7SF,0
1548168522617,40333,150.128.97.79 Memory,,,,true,0,0,0,0,0,DESKTOP-PNUP7SF,0
1548168522617,7284000,150.128.97.79 Network I/O,,,,true,0,0,0,0,0,DESKTOP-PNUP7SF,0
1548168522617,50999,150.128.97.79 CPU,,,,true,0,0,0,0,0,DESKTOP-PNUP7SF,0
1548168523618,-1984,150.128.97.79 Disks I/O,,,,true,0,0,0,0,0,DESKTOP-PNUP7SF,0
1548168523618,40333,150.128.97.79 Memory,,,,true,0,0,0,0,0,DESKTOP-PNUP7SF,0
1548168523618,8450000,150.128.97.79 Network I/O,,,,true,0,0,0,0,0,DESKTOP-PNUP7SF,0
1548168523619,54135,150.128.97.79 CPU,,,,true,0,0,0,0,0,DESKTOP-PNUP7SF,0
1548168524619,-2000,150.128.97.79 Disks I/O,,,,true,0,0,0,0,0,DESKTOP-PNUP7SF,0
1548168524619,40333,150.128.97.79 Memory,,,,true,0,0,0,0,0,DESKTOP-PNUP7SF,0
1548168524619,12232000,150.128.97.79 Network I/O,,,,true,0,0,0,0,0,DESKTOP-PNUP7SF,0
1548168524620,51127,150.128.97.79 CPU,,,,true,0,0,0,0,0,DESKTOP-PNUP7SF,0
1548168525621,-1964,150.128.97.79 Disks I/O,,,,true,0,0,0,0,0,DESKTOP-PNUP7SF,0
1548168525621,40274,150.128.97.79 Memory,,,,true,0,0,0,0,0,DESKTOP-PNUP7SF,0
1548168525621,16216000,150.128.97.79 Network I/O,,,,true,0,0,0,0,0,DESKTOP-PNUP7SF,0
1548168525621,69423,150.128.97.79 CPU,,,,true,0,0,0,0,0,DESKTOP-PNUP7SF,0
1548168526622,-2000,150.128.97.79 Disks I/O,,,,true,0,0,0,0,0,DESKTOP-PNUP7SF,0
1548168526623,40302,150.128.97.79 Memory,,,,true,0,0,0,0,0,DESKTOP-PNUP7SF,0
1548168526623,8992000,150.128.97.79 Network I/O,,,,true,0,0,0,0,0,DESKTOP-PNUP7SF,0
1548168526623,52631,150.128.97.79 CPU,,,,true,0,0,0,0,0,DESKTOP-PNUP7SF,0
1548168527623,-2000,150.128.97.79 Disks I/O,,,,true,0,0,0,0,0,DESKTOP-PNUP7SF,0
1548168527624,40303,150.128.97.79 Memory,,,,true,0,0,0,0,0,DESKTOP-PNUP7SF,0
1548168527624,6462000,150.128.97.79 Network I/O,,,,true,0,0,0,0,0,DESKTOP-PNUP7SF,0
1548168527624,50749,150.128.97.79 CPU,,,,true,0,0,0,0,0,DESKTOP-PNUP7SF,0
1548168528625,-2000,150.128.97.79 Disks I/O,,,,true,0,0,0,0,0,DESKTOP-PNUP7SF,0
1548168528625,40303,150.128.97.79 Memory,,,,true,0,0,0,0,0,DESKTOP-PNUP7SF,0
1548168528625,7262000,150.128.97.79 Network I/O,,,,true,0,0,0,0,0,DESKTOP-PNUP7SF,0
1548168528625,54292,150.128.97.79 CPU,,,,true,0,0,0,0,0,DESKTOP-PNUP7SF,0
1548168529626,-2000,150.128.97.79 Disks I/O,,,,true,0,0,0,0,0,DESKTOP-PNUP7SF,0
1548168529626,40303,150.128.97.79 Memory,,,,true,0,0,0,0,0,DESKTOP-PNUP7SF,0
1548168529626,8625000,150.128.97.79 Network I/O,,,,true,0,0,0,0,0,DESKTOP-PNUP7SF,0
1548168529627,51000,150.128.97.79 CPU,,,,true,0,0,0,0,0,DESKTOP-PNUP7SF,0
1548168530627,-2000,150.128.97.79 Disks I/O,,,,true,0,0,0,0,0,DESKTOP-PNUP7SF,0
1548168530627,40303,150.128.97.79 Memory,,,,true,0,0,0,0,0,DESKTOP-PNUP7SF,0
1548168530627,9336000,150.128.97.79 Network I/O,,,,true,0,0,0,0,0,DESKTOP-PNUP7SF,0
1548168530628,50877,150.128.97.79 CPU,,,,true,0,0,0,0,0,DESKTOP-PNUP7SF,0
1548168531629,-2000,150.128.97.79 Disks I/O,,,,true,0,0,0,0,0,DESKTOP-PNUP7SF,0
1548168531629,40303,150.128.97.79 Memory,,,,true,0,0,0,0,0,DESKTOP-PNUP7SF,0
1548168531629,9362000,150.128.97.79 Network I/O,,,,true,0,0,0,0,0,DESKTOP-PNUP7SF,0
1548168531630,50626,150.128.97.79 CPU,,,,true,0,0,0,0,0,DESKTOP-PNUP7SF,0
1548168532631,-2000,150.128.97.79 Disks I/O,,,,true,0,0,0,0,0,DESKTOP-PNUP7SF,0
1548168532632,40303,150.128.97.79 Memory,,,,true,0,0,0,0,0,DESKTOP-PNUP7SF,0
1548168532633,11612000,150.128.97.79 Network I/O,,,,true,0,0,0,0,0,DESKTOP-PNUP7SF,0
1548168532633,50877,150.128.97.79 CPU,,,,true,0,0,0,0,0,DESKTOP-PNUP7SF,0
1548168533634,-2000,150.128.97.79 Disks I/O,,,,true,0,0,0,0,0,DESKTOP-PNUP7SF,0
1548168533634,40303,150.128.97.79 Memory,,,,true,0,0,0,0,0,DESKTOP-PNUP7SF,0
1548168533634,7162000,150.128.97.79 Network I/O,,,,true,0,0,0,0,0,DESKTOP-PNUP7SF,0
1548168533634,52380,150.128.97.79 CPU,,,,true,0,0,0,0,0,DESKTOP-PNUP7SF,0
1548168534636,-2000,150.128.97.79 Disks I/O,,,,true,0,0,0,0,0,DESKTOP-PNUP7SF,0
1548168534637,40303,150.128.97.79 Memory,,,,true,0,0,0,0,0,DESKTOP-PNUP7SF,0
1548168534637,8211000,150.128.97.79 Network I/O,,,,true,0,0,0,0,0,DESKTOP-PNUP7SF,0
1548168534637,50872,150.128.97.79 CPU,,,,true,0,0,0,0,0,DESKTOP-PNUP7SF,0
1548168535638,-1996,150.128.97.79 Disks I/O,,,,true,0,0,0,0,0,DESKTOP-PNUP7SF,0
1548168535639,40304,150.128.97.79 Memory,,,,true,0,0,0,0,0,DESKTOP-PNUP7SF,0
1548168535639,8858000,150.128.97.79 Network I/O,,,,true,0,0,0,0,0,DESKTOP-PNUP7SF,0
1548168535640,50753,150.128.97.79 CPU,,,,true,0,0,0,0,0,DESKTOP-PNUP7SF,0
1548168536640,-2000,150.128.97.79 Disks I/O,,,,true,0,0,0,0,0,DESKTOP-PNUP7SF,0
1548168536640,40304,150.128.97.79 Memory,,,,true,0,0,0,0,0,DESKTOP-PNUP7SF,0
1548168536640,8342000,150.128.97.79 Network I/O,,,,true,0,0,0,0,0,DESKTOP-PNUP7SF,0
1548168536640,51005,150.128.97.79 CPU,,,,true,0,0,0,0,0,DESKTOP-PNUP7SF,0
1548168537642,-1996,150.128.97.79 Disks I/O,,,,true,0,0,0,0,0,DESKTOP-PNUP7SF,0
1548168537642,40305,150.128.97.79 Memory,,,,true,0,0,0,0,0,DESKTOP-PNUP7SF,0
1548168537643,7492000,150.128.97.79 Network I/O,,,,true,0,0,0,0,0,DESKTOP-PNUP7SF,0
1548168537643,51499,150.128.97.79 CPU,,,,true,0,0,0,0,0,DESKTOP-PNUP7SF,0
1548168538644,-2000,150.128.97.79 Disks I/O,,,,true,0,0,0,0,0,DESKTOP-PNUP7SF,0
1548168538645,40305,150.128.97.79 Memory,,,,true,0,0,0,0,0,DESKTOP-PNUP7SF,0
1548168538645,7232000,150.128.97.79 Network I/O,,,,true,0,0,0,0,0,DESKTOP-PNUP7SF,0
1548168538645,54000,150.128.97.79 CPU,,,,true,0,0,0,0,0,DESKTOP-PNUP7SF,0
1548168539646,-2000,150.128.97.79 Disks I/O,,,,true,0,0,0,0,0,DESKTOP-PNUP7SF,0
1548168539647,40300,150.128.97.79 Memory,,,,true,0,0,0,0,0,DESKTOP-PNUP7SF,0
1548168539648,8501000,150.128.97.79 Network I/O,,,,true,0,0,0,0,0,DESKTOP-PNUP7SF,0
1548168539648,50999,150.128.97.79 CPU,,,,true,0,0,0,0,0,DESKTOP-PNUP7SF,0
1548168540648,-2000,150.128.97.79 Disks I/O,,,,true,0,0,0,0,0,DESKTOP-PNUP7SF,0
1548168540649,40300,150.128.97.79 Memory,,,,true,0,0,0,0,0,DESKTOP-PNUP7SF,0
1548168540649,8426000,150.128.97.79 Network I/O,,,,true,0,0,0,0,0,DESKTOP-PNUP7SF,0
1548168540649,50877,150.128.97.79 CPU,,,,true,0,0,0,0,0,DESKTOP-PNUP7SF,0
1548168541651,-1992,150.128.97.79 Disks I/O,,,,true,0,0,0,0,0,DESKTOP-PNUP7SF,0
1548168541651,40300,150.128.97.79 Memory,,,,true,0,0,0,0,0,DESKTOP-PNUP7SF,0
1548168541651,8092000,150.128.97.79 Network I/O,,,,true,0,0,0,0,0,DESKTOP-PNUP7SF,0
1548168541651,50877,150.128.97.79 CPU,,,,true,0,0,0,0,0,DESKTOP-PNUP7SF,0
1548168542652,-2000,150.128.97.79 Disks I/O,,,,true,0,0,0,0,0,DESKTOP-PNUP7SF,0
1548168542653,40300,150.128.97.79 Memory,,,,true,0,0,0,0,0,DESKTOP-PNUP7SF,0
1548168542653,6082000,150.128.97.79 Network I/O,,,,true,0,0,0,0,0,DESKTOP-PNUP7SF,0
1548168542653,50749,150.128.97.79 CPU,,,,true,0,0,0,0,0,DESKTOP-PNUP7SF,0
1548168543654,-2000,150.128.97.79 Disks I/O,,,,true,0,0,0,0,0,DESKTOP-PNUP7SF,0
1548168543654,40300,150.128.97.79 Memory,,,,true,0,0,0,0,0,DESKTOP-PNUP7SF,0
1548168543654,5722000,150.128.97.79 Network I/O,,,,true,0,0,0,0,0,DESKTOP-PNUP7SF,0
1548168543654,53884,150.128.97.79 CPU,,,,true,0,0,0,0,0,DESKTOP-PNUP7SF,0
1548168544655,-2000,150.128.97.79 Disks I/O,,,,true,0,0,0,0,0,DESKTOP-PNUP7SF,0
1548168544655,40300,150.128.97.79 Memory,,,,true,0,0,0,0,0,DESKTOP-PNUP7SF,0
1548168544655,7441000,150.128.97.79 Network I/O,,,,true,0,0,0,0,0,DESKTOP-PNUP7SF,0
1548168544655,51005,150.128.97.79 CPU,,,,true,0,0,0,0,0,DESKTOP-PNUP7SF,0
1548168545655,-1968,150.128.97.79 Disks I/O,,,,true,0,0,0,0,0,DESKTOP-PNUP7SF,0
1548168545656,40301,150.128.97.79 Memory,,,,true,0,0,0,0,0,DESKTOP-PNUP7SF,0
1548168545656,9276000,150.128.97.79 Network I/O,,,,true,0,0,0,0,0,DESKTOP-PNUP7SF,0
1548168545656,51378,150.128.97.79 CPU,,,,true,0,0,0,0,0,DESKTOP-PNUP7SF,0
1548168546656,-2000,150.128.97.79 Disks I/O,,,,true,0,0,0,0,0,DESKTOP-PNUP7SF,0
1548168546657,40302,150.128.97.79 Memory,,,,true,0,0,0,0,0,DESKTOP-PNUP7SF,0
1548168546657,8772000,150.128.97.79 Network I/O,,,,true,0,0,0,0,0,DESKTOP-PNUP7SF,0
1548168546657,51005,150.128.97.79 CPU,,,,true,0,0,0,0,0,DESKTOP-PNUP7SF,0
1548168547657,-2000,150.128.97.79 Disks I/O,,,,true,0,0,0,0,0,DESKTOP-PNUP7SF,0
1548168547657,40302,150.128.97.79 Memory,,,,true,0,0,0,0,0,DESKTOP-PNUP7SF,0
1548168547657,6802000,150.128.97.79 Network I/O,,,,true,0,0,0,0,0,DESKTOP-PNUP7SF,0
1548168547657,50753,150.128.97.79 CPU,,,,true,0,0,0,0,0,DESKTOP-PNUP7SF,0
1548168548658,-2000,150.128.97.79 Disks I/O,,,,true,0,0,0,0,0,DESKTOP-PNUP7SF,0
1548168548658,40302,150.128.97.79 Memory,,,,true,0,0,0,0,0,DESKTOP-PNUP7SF,0
1548168548659,7084000,150.128.97.79 Network I/O,,,,true,0,0,0,0,0,DESKTOP-PNUP7SF,0
1548168548659,53634,150.128.97.79 CPU,,,,true,0,0,0,0,0,DESKTOP-PNUP7SF,0
1548168549659,-2000,150.128.97.79 Disks I/O,,,,true,0,0,0,0,0,DESKTOP-PNUP7SF,0
1548168549659,40303,150.128.97.79 Memory,,,,true,0,0,0,0,0,DESKTOP-PNUP7SF,0
1548168549660,7621000,150.128.97.79 Network I/O,,,,true,0,0,0,0,0,DESKTOP-PNUP7SF,0
1548168549660,51243,150.128.97.79 CPU,,,,true,0,0,0,0,0,DESKTOP-PNUP7SF,0
1548168550661,-1984,150.128.97.79 Disks I/O,,,,true,0,0,0,0,0,DESKTOP-PNUP7SF,0
1548168550662,40303,150.128.97.79 Memory,,,,true,0,0,0,0,0,DESKTOP-PNUP7SF,0
1548168550662,7346000,150.128.97.79 Network I/O,,,,true,0,0,0,0,0,DESKTOP-PNUP7SF,0
1548168550662,51133,150.128.97.79 CPU,,,,true,0,0,0,0,0,DESKTOP-PNUP7SF,0
1548168551663,-2000,150.128.97.79 Disks I/O,,,,true,0,0,0,0,0,DESKTOP-PNUP7SF,0
1548168551663,40303,150.128.97.79 Memory,,,,true,0,0,0,0,0,DESKTOP-PNUP7SF,0
1548168551663,8672000,150.128.97.79 Network I/O,,,,true,0,0,0,0,0,DESKTOP-PNUP7SF,0
1548168551663,51000,150.128.97.79 CPU,,,,true,0,0,0,0,0,DESKTOP-PNUP7SF,0
1548168552664,-2000,150.128.97.79 Disks I/O,,,,true,0,0,0,0,0,DESKTOP-PNUP7SF,0
1548168552664,40303,150.128.97.79 Memory,,,,true,0,0,0,0,0,DESKTOP-PNUP7SF,0
1548168552664,8917000,150.128.97.79 Network I/O,,,,true,0,0,0,0,0,DESKTOP-PNUP7SF,0
1548168552664,50995,150.128.97.79 CPU,,,,true,0,0,0,0,0,DESKTOP-PNUP7SF,0
1548168553666,-399,150.128.97.79 Disks I/O,,,,true,0,0,0,0,0,DESKTOP-PNUP7SF,0
1548168553666,40303,150.128.97.79 Memory,,,,true,0,0,0,0,0,DESKTOP-PNUP7SF,0
1548168553666,7334000,150.128.97.79 Network I/O,,,,true,0,0,0,0,0,DESKTOP-PNUP7SF,0
1548168553666,53884,150.128.97.79 CPU,,,,true,0,0,0,0,0,DESKTOP-PNUP7SF,0
1548168554668,-2000,150.128.97.79 Disks I/O,,,,true,0,0,0,0,0,DESKTOP-PNUP7SF,0
1548168554668,40304,150.128.97.79 Memory,,,,true,0,0,0,0,0,DESKTOP-PNUP7SF,0
1548168554668,7991000,150.128.97.79 Network I/O,,,,true,0,0,0,0,0,DESKTOP-PNUP7SF,0
1548168554669,50877,150.128.97.79 CPU,,,,true,0,0,0,0,0,DESKTOP-PNUP7SF,0
1548168555669,-2000,150.128.97.79 Disks I/O,,,,true,0,0,0,0,0,DESKTOP-PNUP7SF,0
1548168555670,40304,150.128.97.79 Memory,,,,true,0,0,0,0,0,DESKTOP-PNUP7SF,0
1548168555670,11644000,150.128.97.79 Network I/O,,,,true,0,0,0,0,0,DESKTOP-PNUP7SF,0
1548168555670,50753,150.128.97.79 CPU,,,,true,0,0,0,0,0,DESKTOP-PNUP7SF,0
1548168556670,-2000,150.128.97.79 Disks I/O,,,,true,0,0,0,0,0,DESKTOP-PNUP7SF,0
1548168556671,40304,150.128.97.79 Memory,,,,true,0,0,0,0,0,DESKTOP-PNUP7SF,0
1548168556671,9512000,150.128.97.79 Network I/O,,,,true,0,0,0,0,0,DESKTOP-PNUP7SF,0
1548168556671,50995,150.128.97.79 CPU,,,,true,0,0,0,0,0,DESKTOP-PNUP7SF,0
1548168557672,-1996,150.128.97.79 Disks I/O,,,,true,0,0,0,0,0,DESKTOP-PNUP7SF,0
1548168557673,40304,150.128.97.79 Memory,,,,true,0,0,0,0,0,DESKTOP-PNUP7SF,0
1548168557673,6682000,150.128.97.79 Network I/O,,,,true,0,0,0,0,0,DESKTOP-PNUP7SF,0
1548168557673,51000,150.128.97.79 CPU,,,,true,0,0,0,0,0,DESKTOP-PNUP7SF,0
1548168558673,-2000,150.128.97.79 Disks I/O,,,,true,0,0,0,0,0,DESKTOP-PNUP7SF,0
1548168558674,40304,150.128.97.79 Memory,,,,true,0,0,0,0,0,DESKTOP-PNUP7SF,0
1548168558674,6322000,150.128.97.79 Network I/O,,,,true,0,0,0,0,0,DESKTOP-PNUP7SF,0
1548168558674,53884,150.128.97.79 CPU,,,,true,0,0,0,0,0,DESKTOP-PNUP7SF,0
1548168559675,-2000,150.128.97.79 Disks I/O,,,,true,0,0,0,0,0,DESKTOP-PNUP7SF,0
1548168559675,40305,150.128.97.79 Memory,,,,true,0,0,0,0,0,DESKTOP-PNUP7SF,0
1548168559675,6841000,150.128.97.79 Network I/O,,,,true,0,0,0,0,0,DESKTOP-PNUP7SF,0
1548168559675,50753,150.128.97.79 CPU,,,,true,0,0,0,0,0,DESKTOP-PNUP7SF,0
1548168560676,-2000,150.128.97.79 Disks I/O,,,,true,0,0,0,0,0,DESKTOP-PNUP7SF,0
1548168560677,40305,150.128.97.79 Memory,,,,true,0,0,0,0,0,DESKTOP-PNUP7SF,0
1548168560677,8066000,150.128.97.79 Network I/O,,,,true,0,0,0,0,0,DESKTOP-PNUP7SF,0
1548168560677,50999,150.128.97.79 CPU,,,,true,0,0,0,0,0,DESKTOP-PNUP7SF,0
1548168561678,-2000,150.128.97.79 Disks I/O,,,,true,0,0,0,0,0,DESKTOP-PNUP7SF,0
1548168561679,40356,150.128.97.79 Memory,,,,true,0,0,0,0,0,DESKTOP-PNUP7SF,0
1548168561680,8212000,150.128.97.79 Network I/O,,,,true,0,0,0,0,0,DESKTOP-PNUP7SF,0
1548168561680,51749,150.128.97.79 CPU,,,,true,0,0,0,0,0,DESKTOP-PNUP7SF,0
1548168562681,-2000,150.128.97.79 Disks I/O,,,,true,0,0,0,0,0,DESKTOP-PNUP7SF,0
1548168562681,40258,150.128.97.79 Memory,,,,true,0,0,0,0,0,DESKTOP-PNUP7SF,0
1548168562681,11534000,150.128.97.79 Network I/O,,,,true,0,0,0,0,0,DESKTOP-PNUP7SF,0
1548168562681,50375,150.128.97.79 CPU,,,,true,0,0,0,0,0,DESKTOP-PNUP7SF,0
1548168563682,-2000,150.128.97.79 Disks I/O,,,,true,0,0,0,0,0,DESKTOP-PNUP7SF,0
1548168563683,40258,150.128.97.79 Memory,,,,true,0,0,0,0,0,DESKTOP-PNUP7SF,0
1548168563683,6802000,150.128.97.79 Network I/O,,,,true,0,0,0,0,0,DESKTOP-PNUP7SF,0
1548168563683,53884,150.128.97.79 CPU,,,,true,0,0,0,0,0,DESKTOP-PNUP7SF,0
1548168564684,-2000,150.128.97.79 Disks I/O,,,,true,0,0,0,0,0,DESKTOP-PNUP7SF,0
1548168564685,40258,150.128.97.79 Memory,,,,true,0,0,0,0,0,DESKTOP-PNUP7SF,0
1548168564685,8029000,150.128.97.79 Network I/O,,,,true,0,0,0,0,0,DESKTOP-PNUP7SF,0
1548168564685,50877,150.128.97.79 CPU,,,,true,0,0,0,0,0,DESKTOP-PNUP7SF,0
1548168565686,-2000,150.128.97.79 Disks I/O,,,,true,0,0,0,0,0,DESKTOP-PNUP7SF,0
1548168565686,40259,150.128.97.79 Memory,,,,true,0,0,0,0,0,DESKTOP-PNUP7SF,0
1548168565686,9878000,150.128.97.79 Network I/O,,,,true,0,0,0,0,0,DESKTOP-PNUP7SF,0
1548168565686,50872,150.128.97.79 CPU,,,,true,0,0,0,0,0,DESKTOP-PNUP7SF,0
1548168566688,-2000,150.128.97.79 Disks I/O,,,,true,0,0,0,0,0,DESKTOP-PNUP7SF,0
1548168566689,40259,150.128.97.79 Memory,,,,true,0,0,0,0,0,DESKTOP-PNUP7SF,0
1548168566689,8636000,150.128.97.79 Network I/O,,,,true,0,0,0,0,0,DESKTOP-PNUP7SF,0
1548168566689,51005,150.128.97.79 CPU,,,,true,0,0,0,0,0,DESKTOP-PNUP7SF,0
1548168567690,-2000,150.128.97.79 Disks I/O,,,,true,0,0,0,0,0,DESKTOP-PNUP7SF,0
1548168567691,40306,150.128.97.79 Memory,,,,true,0,0,0,0,0,DESKTOP-PNUP7SF,0
1548168567691,9618000,150.128.97.79 Network I/O,,,,true,0,0,0,0,0,DESKTOP-PNUP7SF,0
1548168567691,54177,150.128.97.79 CPU,,,,true,0,0,0,0,0,DESKTOP-PNUP7SF,0
1548168568692,-1920,150.128.97.79 Disks I/O,,,,true,0,0,0,0,0,DESKTOP-PNUP7SF,0
1548168568693,40307,150.128.97.79 Memory,,,,true,0,0,0,0,0,DESKTOP-PNUP7SF,0
1548168568693,7416000,150.128.97.79 Network I/O,,,,true,0,0,0,0,0,DESKTOP-PNUP7SF,0
1548168568694,55639,150.128.97.79 CPU,,,,true,0,0,0,0,0,DESKTOP-PNUP7SF,0
1548168569695,-2000,150.128.97.79 Disks I/O,,,,true,0,0,0,0,0,DESKTOP-PNUP7SF,0
1548168569695,40307,150.128.97.79 Memory,,,,true,0,0,0,0,0,DESKTOP-PNUP7SF,0
1548168569695,7941000,150.128.97.79 Network I/O,,,,true,0,0,0,0,0,DESKTOP-PNUP7SF,0
1548168569695,50877,150.128.97.79 CPU,,,,true,0,0,0,0,0,DESKTOP-PNUP7SF,0
1548168570695,-2000,150.128.97.79 Disks I/O,,,,true,0,0,0,0,0,DESKTOP-PNUP7SF,0
1548168570696,40306,150.128.97.79 Memory,,,,true,0,0,0,0,0,DESKTOP-PNUP7SF,0
1548168570696,8640000,150.128.97.79 Network I/O,,,,true,0,0,0,0,0,DESKTOP-PNUP7SF,0
1548168570696,50753,150.128.97.79 CPU,,,,true,0,0,0,0,0,DESKTOP-PNUP7SF,0
1548168571696,-2000,150.128.97.79 Disks I/O,,,,true,0,0,0,0,0,DESKTOP-PNUP7SF,0
1548168571697,40306,150.128.97.79 Memory,,,,true,0,0,0,0,0,DESKTOP-PNUP7SF,0
1548168571697,8284000,150.128.97.79 Network I/O,,,,true,0,0,0,0,0,DESKTOP-PNUP7SF,0
1548168571697,50626,150.128.97.79 CPU,,,,true,0,0,0,0,0,DESKTOP-PNUP7SF,0
1548168572698,-2000,150.128.97.79 Disks I/O,,,,true,0,0,0,0,0,DESKTOP-PNUP7SF,0
1548168572699,40308,150.128.97.79 Memory,,,,true,0,0,0,0,0,DESKTOP-PNUP7SF,0
1548168572699,7682000,150.128.97.79 Network I/O,,,,true,0,0,0,0,0,DESKTOP-PNUP7SF,0
1548168572699,51127,150.128.97.79 CPU,,,,true,0,0,0,0,0,DESKTOP-PNUP7SF,0
1548168573699,-2000,150.128.97.79 Disks I/O,,,,true,0,0,0,0,0,DESKTOP-PNUP7SF,0
1548168573699,40308,150.128.97.79 Memory,,,,true,0,0,0,0,0,DESKTOP-PNUP7SF,0
1548168573699,7622000,150.128.97.79 Network I/O,,,,true,0,0,0,0,0,DESKTOP-PNUP7SF,0
1548168573699,54228,150.128.97.79 CPU,,,,true,0,0,0,0,0,DESKTOP-PNUP7SF,0
1548168574700,-1736,150.128.97.79 Disks I/O,,,,true,0,0,0,0,0,DESKTOP-PNUP7SF,0
1548168574701,40308,150.128.97.79 Memory,,,,true,0,0,0,0,0,DESKTOP-PNUP7SF,0
1548168574701,8693000,150.128.97.79 Network I/O,,,,true,0,0,0,0,0,DESKTOP-PNUP7SF,0
1548168574701,50872,150.128.97.79 CPU,,,,true,0,0,0,0,0,DESKTOP-PNUP7SF,0
1548168575702,-2000,150.128.97.79 Disks I/O,,,,true,0,0,0,0,0,DESKTOP-PNUP7SF,0
1548168575703,40308,150.128.97.79 Memory,,,,true,0,0,0,0,0,DESKTOP-PNUP7SF,0
1548168575703,8858000,150.128.97.79 Network I/O,,,,true,0,0,0,0,0,DESKTOP-PNUP7SF,0
1548168575703,50753,150.128.97.79 CPU,,,,true,0,0,0,0,0,DESKTOP-PNUP7SF,0
1548168576704,-2000,150.128.97.79 Disks I/O,,,,true,0,0,0,0,0,DESKTOP-PNUP7SF,0
1548168576704,40308,150.128.97.79 Memory,,,,true,0,0,0,0,0,DESKTOP-PNUP7SF,0
1548168576704,9488000,150.128.97.79 Network I/O,,,,true,0,0,0,0,0,DESKTOP-PNUP7SF,0
1548168576705,50626,150.128.97.79 CPU,,,,true,0,0,0,0,0,DESKTOP-PNUP7SF,0
1548168577706,-2000,150.128.97.79 Disks I/O,,,,true,0,0,0,0,0,DESKTOP-PNUP7SF,0
1548168577706,40309,150.128.97.79 Memory,,,,true,0,0,0,0,0,DESKTOP-PNUP7SF,0
1548168577707,6698000,150.128.97.79 Network I/O,,,,true,0,0,0,0,0,DESKTOP-PNUP7SF,0
1548168577707,50877,150.128.97.79 CPU,,,,true,0,0,0,0,0,DESKTOP-PNUP7SF,0
1548168578707,-1984,150.128.97.79 Disks I/O,,,,true,0,0,0,0,0,DESKTOP-PNUP7SF,0
1548168578707,40315,150.128.97.79 Memory,,,,true,0,0,0,0,0,DESKTOP-PNUP7SF,0
1548168578707,7808000,150.128.97.79 Network I/O,,,,true,0,0,0,0,0,DESKTOP-PNUP7SF,0
1548168578707,54020,150.128.97.79 CPU,,,,true,0,0,0,0,0,DESKTOP-PNUP7SF,0
1548168579708,-1996,150.128.97.79 Disks I/O,,,,true,0,0,0,0,0,DESKTOP-PNUP7SF,0
1548168579708,40315,150.128.97.79 Memory,,,,true,0,0,0,0,0,DESKTOP-PNUP7SF,0
1548168579708,7682000,150.128.97.79 Network I/O,,,,true,0,0,0,0,0,DESKTOP-PNUP7SF,0
1548168579708,50872,150.128.97.79 CPU,,,,true,0,0,0,0,0,DESKTOP-PNUP7SF,0
1548168580708,-2000,150.128.97.79 Disks I/O,,,,true,0,0,0,0,0,DESKTOP-PNUP7SF,0
1548168580709,40310,150.128.97.79 Memory,,,,true,0,0,0,0,0,DESKTOP-PNUP7SF,0
1548168580709,9305000,150.128.97.79 Network I/O,,,,true,0,0,0,0,0,DESKTOP-PNUP7SF,0
1548168580709,51879,150.128.97.79 CPU,,,,true,0,0,0,0,0,DESKTOP-PNUP7SF,0
1548168581710,-2000,150.128.97.79 Disks I/O,,,,true,0,0,0,0,0,DESKTOP-PNUP7SF,0
1548168581711,40310,150.128.97.79 Memory,,,,true,0,0,0,0,0,DESKTOP-PNUP7SF,0
1548168581711,8564000,150.128.97.79 Network I/O,,,,true,0,0,0,0,0,DESKTOP-PNUP7SF,0
1548168581711,51127,150.128.97.79 CPU,,,,true,0,0,0,0,0,DESKTOP-PNUP7SF,0
1548168582713,-2000,150.128.97.79 Disks I/O,,,,true,0,0,0,0,0,DESKTOP-PNUP7SF,0
1548168582714,40310,150.128.97.79 Memory,,,,true,0,0,0,0,0,DESKTOP-PNUP7SF,0
1548168582714,6762000,150.128.97.79 Network I/O,,,,true,0,0,0,0,0,DESKTOP-PNUP7SF,0
1548168582714,51507,150.128.97.79 CPU,,,,true,0,0,0,0,0,DESKTOP-PNUP7SF,0
1548168583715,-1664,150.128.97.79 Disks I/O,,,,true,0,0,0,0,0,DESKTOP-PNUP7SF,0
1548168583716,40312,150.128.97.79 Memory,,,,true,0,0,0,0,0,DESKTOP-PNUP7SF,0
1548168583716,6374000,150.128.97.79 Network I/O,,,,true,0,0,0,0,0,DESKTOP-PNUP7SF,0
1548168583716,56202,150.128.97.79 CPU,,,,true,0,0,0,0,0,DESKTOP-PNUP7SF,0
1548168584717,-2000,150.128.97.79 Disks I/O,,,,true,0,0,0,0,0,DESKTOP-PNUP7SF,0
1548168584717,40311,150.128.97.79 Memory,,,,true,0,0,0,0,0,DESKTOP-PNUP7SF,0
1548168584717,7622000,150.128.97.79 Network I/O,,,,true,0,0,0,0,0,DESKTOP-PNUP7SF,0
1548168584717,51256,150.128.97.79 CPU,,,,true,0,0,0,0,0,DESKTOP-PNUP7SF,0
1548168585718,-2000,150.128.97.79 Disks I/O,,,,true,0,0,0,0,0,DESKTOP-PNUP7SF,0
1548168585719,40311,150.128.97.79 Memory,,,,true,0,0,0,0,0,DESKTOP-PNUP7SF,0
1548168585719,12163000,150.128.97.79 Network I/O,,,,true,0,0,0,0,0,DESKTOP-PNUP7SF,0
1548168585719,51127,150.128.97.79 CPU,,,,true,0,0,0,0,0,DESKTOP-PNUP7SF,0
1548168586719,-2000,150.128.97.79 Disks I/O,,,,true,0,0,0,0,0,DESKTOP-PNUP7SF,0
1548168586720,40311,150.128.97.79 Memory,,,,true,0,0,0,0,0,DESKTOP-PNUP7SF,0
1548168586720,9292000,150.128.97.79 Network I/O,,,,true,0,0,0,0,0,DESKTOP-PNUP7SF,0
1548168586720,51249,150.128.97.79 CPU,,,,true,0,0,0,0,0,DESKTOP-PNUP7SF,0
1548168587720,-2000,150.128.97.79 Disks I/O,,,,true,0,0,0,0,0,DESKTOP-PNUP7SF,0
1548168587721,40311,150.128.97.79 Memory,,,,true,0,0,0,0,0,DESKTOP-PNUP7SF,0
1548168587721,7659000,150.128.97.79 Network I/O,,,,true,0,0,0,0,0,DESKTOP-PNUP7SF,0
1548168587721,51620,150.128.97.79 CPU,,,,true,0,0,0,0,0,DESKTOP-PNUP7SF,0
1548168588722,-2000,150.128.97.79 Disks I/O,,,,true,0,0,0,0,0,DESKTOP-PNUP7SF,0
1548168588722,40311,150.128.97.79 Memory,,,,true,0,0,0,0,0,DESKTOP-PNUP7SF,0
1548168588722,8198000,150.128.97.79 Network I/O,,,,true,0,0,0,0,0,DESKTOP-PNUP7SF,0
1548168588722,54292,150.128.97.79 CPU,,,,true,0,0,0,0,0,DESKTOP-PNUP7SF,0
1548168589723,-2000,150.128.97.79 Disks I/O,,,,true,0,0,0,0,0,DESKTOP-PNUP7SF,0
1548168589724,40311,150.128.97.79 Memory,,,,true,0,0,0,0,0,DESKTOP-PNUP7SF,0
1548168589724,8702000,150.128.97.79 Network I/O,,,,true,0,0,0,0,0,DESKTOP-PNUP7SF,0
1548168589724,51256,150.128.97.79 CPU,,,,true,0,0,0,0,0,DESKTOP-PNUP7SF,0
1548168590726,-2000,150.128.97.79 Disks I/O,,,,true,0,0,0,0,0,DESKTOP-PNUP7SF,0
1548168590726,40311,150.128.97.79 Memory,,,,true,0,0,0,0,0,DESKTOP-PNUP7SF,0
1548168590726,9545000,150.128.97.79 Network I/O,,,,true,0,0,0,0,0,DESKTOP-PNUP7SF,0
1548168590727,50995,150.128.97.79 CPU,,,,true,0,0,0,0,0,DESKTOP-PNUP7SF,0
1548168591727,-2000,150.128.97.79 Disks I/O,,,,true,0,0,0,0,0,DESKTOP-PNUP7SF,0
1548168591727,40311,150.128.97.79 Memory,,,,true,0,0,0,0,0,DESKTOP-PNUP7SF,0
1548168591727,8092000,150.128.97.79 Network I/O,,,,true,0,0,0,0,0,DESKTOP-PNUP7SF,0
1548168591727,50877,150.128.97.79 CPU,,,,true,0,0,0,0,0,DESKTOP-PNUP7SF,0
1548168592728,-2000,150.128.97.79 Disks I/O,,,,true,0,0,0,0,0,DESKTOP-PNUP7SF,0
1548168592728,40308,150.128.97.79 Memory,,,,true,0,0,0,0,0,DESKTOP-PNUP7SF,0
1548168592728,10462000,150.128.97.79 Network I/O,,,,true,0,0,0,0,0,DESKTOP-PNUP7SF,0
1548168592728,50877,150.128.97.79 CPU,,,,true,0,0,0,0,0,DESKTOP-PNUP7SF,0
1548168593730,1351,150.128.97.79 Disks I/O,,,,true,0,0,0,0,0,DESKTOP-PNUP7SF,0
1548168593730,40308,150.128.97.79 Memory,,,,true,0,0,0,0,0,DESKTOP-PNUP7SF,0
1548168593730,6922000,150.128.97.79 Network I/O,,,,true,0,0,0,0,0,DESKTOP-PNUP7SF,0
1548168593730,55163,150.128.97.79 CPU,,,,true,0,0,0,0,0,DESKTOP-PNUP7SF,0
1548168594730,-2000,150.128.97.79 Disks I/O,,,,true,0,0,0,0,0,DESKTOP-PNUP7SF,0
1548168594731,40308,150.128.97.79 Memory,,,,true,0,0,0,0,0,DESKTOP-PNUP7SF,0
1548168594731,7042000,150.128.97.79 Network I/O,,,,true,0,0,0,0,0,DESKTOP-PNUP7SF,0
1548168594731,51243,150.128.97.79 CPU,,,,true,0,0,0,0,0,DESKTOP-PNUP7SF,0
1548168595732,-2000,150.128.97.79 Disks I/O,,,,true,0,0,0,0,0,DESKTOP-PNUP7SF,0
1548168595740,40308,150.128.97.79 Memory,,,,true,0,0,0,0,0,DESKTOP-PNUP7SF,0
1548168595740,10007000,150.128.97.79 Network I/O,,,,true,0,0,0,0,0,DESKTOP-PNUP7SF,0
1548168595740,50872,150.128.97.79 CPU,,,,true,0,0,0,0,0,DESKTOP-PNUP7SF,0
1548168596740,-2000,150.128.97.79 Disks I/O,,,,true,0,0,0,0,0,DESKTOP-PNUP7SF,0
1548168596741,40308,150.128.97.79 Memory,,,,true,0,0,0,0,0,DESKTOP-PNUP7SF,0
1548168596741,8752000,150.128.97.79 Network I/O,,,,true,0,0,0,0,0,DESKTOP-PNUP7SF,0
1548168596741,50749,150.128.97.79 CPU,,,,true,0,0,0,0,0,DESKTOP-PNUP7SF,0
1548168597741,-1996,150.128.97.79 Disks I/O,,,,true,0,0,0,0,0,DESKTOP-PNUP7SF,0
1548168597742,40309,150.128.97.79 Memory,,,,true,0,0,0,0,0,DESKTOP-PNUP7SF,0
1548168597742,7182000,150.128.97.79 Network I/O,,,,true,0,0,0,0,0,DESKTOP-PNUP7SF,0
1548168597742,51127,150.128.97.79 CPU,,,,true,0,0,0,0,0,DESKTOP-PNUP7SF,0
1548168598743,-2000,150.128.97.79 Disks I/O,,,,true,0,0,0,0,0,DESKTOP-PNUP7SF,0
1548168598743,40309,150.128.97.79 Memory,,,,true,0,0,0,0,0,DESKTOP-PNUP7SF,0
1548168598743,8682000,150.128.97.79 Network I/O,,,,true,0,0,0,0,0,DESKTOP-PNUP7SF,0
1548168598743,53634,150.128.97.79 CPU,,,,true,0,0,0,0,0,DESKTOP-PNUP7SF,0
1548168599744,-2000,150.128.97.79 Disks I/O,,,,true,0,0,0,0,0,DESKTOP-PNUP7SF,0
1548168599744,40309,150.128.97.79 Memory,,,,true,0,0,0,0,0,DESKTOP-PNUP7SF,0
1548168599744,7778000,150.128.97.79 Network I/O,,,,true,0,0,0,0,0,DESKTOP-PNUP7SF,0
1548168599744,51122,150.128.97.79 CPU,,,,true,0,0,0,0,0,DESKTOP-PNUP7SF,0
1548168600745,-2000,150.128.97.79 Disks I/O,,,,true,0,0,0,0,0,DESKTOP-PNUP7SF,0
1548168600745,40310,150.128.97.79 Memory,,,,true,0,0,0,0,0,DESKTOP-PNUP7SF,0
1548168600746,9731000,150.128.97.79 Network I/O,,,,true,0,0,0,0,0,DESKTOP-PNUP7SF,0
1548168600746,51127,150.128.97.79 CPU,,,,true,0,0,0,0,0,DESKTOP-PNUP7SF,0
1548168601746,-2000,150.128.97.79 Disks I/O,,,,true,0,0,0,0,0,DESKTOP-PNUP7SF,0
1548168601750,40310,150.128.97.79 Memory,,,,true,0,0,0,0,0,DESKTOP-PNUP7SF,0
1548168601750,9278000,150.128.97.79 Network I/O,,,,true,0,0,0,0,0,DESKTOP-PNUP7SF,0
1548168601751,50877,150.128.97.79 CPU,,,,true,0,0,0,0,0,DESKTOP-PNUP7SF,0
1548168602751,-2000,150.128.97.79 Disks I/O,,,,true,0,0,0,0,0,DESKTOP-PNUP7SF,0
1548168602752,40310,150.128.97.79 Memory,,,,true,0,0,0,0,0,DESKTOP-PNUP7SF,0
1548168602752,6322000,150.128.97.79 Network I/O,,,,true,0,0,0,0,0,DESKTOP-PNUP7SF,0
1548168602752,50626,150.128.97.79 CPU,,,,true,0,0,0,0,0,DESKTOP-PNUP7SF,0
1548168603752,-2000,150.128.97.79 Disks I/O,,,,true,0,0,0,0,0,DESKTOP-PNUP7SF,0
1548168603753,40310,150.128.97.79 Memory,,,,true,0,0,0,0,0,DESKTOP-PNUP7SF,0
1548168603753,7358000,150.128.97.79 Network I/O,,,,true,0,0,0,0,0,DESKTOP-PNUP7SF,0
1548168603753,53768,150.128.97.79 CPU,,,,true,0,0,0,0,0,DESKTOP-PNUP7SF,0
1548168604754,-2000,150.128.97.79 Disks I/O,,,,true,0,0,0,0,0,DESKTOP-PNUP7SF,0
1548168604754,40310,150.128.97.79 Memory,,,,true,0,0,0,0,0,DESKTOP-PNUP7SF,0
1548168604754,6202000,150.128.97.79 Network I/O,,,,true,0,0,0,0,0,DESKTOP-PNUP7SF,0
1548168604754,50753,150.128.97.79 CPU,,,,true,0,0,0,0,0,DESKTOP-PNUP7SF,0
1548168605755,-1984,150.128.97.79 Disks I/O,,,,true,0,0,0,0,0,DESKTOP-PNUP7SF,0
1548168605755,40310,150.128.97.79 Memory,,,,true,0,0,0,0,0,DESKTOP-PNUP7SF,0
1548168605755,9787000,150.128.97.79 Network I/O,,,,true,0,0,0,0,0,DESKTOP-PNUP7SF,0
1548168605755,51378,150.128.97.79 CPU,,,,true,0,0,0,0,0,DESKTOP-PNUP7SF,0
1548168606757,-2000,150.128.97.79 Disks I/O,,,,true,0,0,0,0,0,DESKTOP-PNUP7SF,0
1548168606757,40312,150.128.97.79 Memory,,,,true,0,0,0,0,0,DESKTOP-PNUP7SF,0
1548168606758,10072000,150.128.97.79 Network I/O,,,,true,0,0,0,0,0,DESKTOP-PNUP7SF,0
1548168606758,51000,150.128.97.79 CPU,,,,true,0,0,0,0,0,DESKTOP-PNUP7SF,0
1548168607758,-2000,150.128.97.79 Disks I/O,,,,true,0,0,0,0,0,DESKTOP-PNUP7SF,0
1548168607766,40312,150.128.97.79 Memory,,,,true,0,0,0,0,0,DESKTOP-PNUP7SF,0
1548168607766,7522000,150.128.97.79 Network I/O,,,,true,0,0,0,0,0,DESKTOP-PNUP7SF,0
1548168607766,50877,150.128.97.79 CPU,,,,true,0,0,0,0,0,DESKTOP-PNUP7SF,0
1548168608767,-2000,150.128.97.79 Disks I/O,,,,true,0,0,0,0,0,DESKTOP-PNUP7SF,0
1548168608767,40312,150.128.97.79 Memory,,,,true,0,0,0,0,0,DESKTOP-PNUP7SF,0
1548168608767,7282000,150.128.97.79 Network I/O,,,,true,0,0,0,0,0,DESKTOP-PNUP7SF,0
1548168608767,53884,150.128.97.79 CPU,,,,true,0,0,0,0,0,DESKTOP-PNUP7SF,0
1548168609768,-2000,150.128.97.79 Disks I/O,,,,true,0,0,0,0,0,DESKTOP-PNUP7SF,0
1548168609768,40312,150.128.97.79 Memory,,,,true,0,0,0,0,0,DESKTOP-PNUP7SF,0
1548168609768,6632000,150.128.97.79 Network I/O,,,,true,0,0,0,0,0,DESKTOP-PNUP7SF,0
1548168609768,50499,150.128.97.79 CPU,,,,true,0,0,0,0,0,DESKTOP-PNUP7SF,0
1548168610769,-2000,150.128.97.79 Disks I/O,,,,true,0,0,0,0,0,DESKTOP-PNUP7SF,0
1548168610769,40312,150.128.97.79 Memory,,,,true,0,0,0,0,0,DESKTOP-PNUP7SF,0
1548168610769,9755000,150.128.97.79 Network I/O,,,,true,0,0,0,0,0,DESKTOP-PNUP7SF,0
1548168610769,50749,150.128.97.79 CPU,,,,true,0,0,0,0,0,DESKTOP-PNUP7SF,0
1548168611770,-2000,150.128.97.79 Disks I/O,,,,true,0,0,0,0,0,DESKTOP-PNUP7SF,0
1548168611771,40312,150.128.97.79 Memory,,,,true,0,0,0,0,0,DESKTOP-PNUP7SF,0
1548168611771,8962000,150.128.97.79 Network I/O,,,,true,0,0,0,0,0,DESKTOP-PNUP7SF,0
1548168611771,51122,150.128.97.79 CPU,,,,true,0,0,0,0,0,DESKTOP-PNUP7SF,0
1548168612771,-2000,150.128.97.79 Disks I/O,,,,true,0,0,0,0,0,DESKTOP-PNUP7SF,0
1548168612781,40312,150.128.97.79 Memory,,,,true,0,0,0,0,0,DESKTOP-PNUP7SF,0
1548168612781,7884000,150.128.97.79 Network I/O,,,,true,0,0,0,0,0,DESKTOP-PNUP7SF,0
1548168612781,50753,150.128.97.79 CPU,,,,true,0,0,0,0,0,DESKTOP-PNUP7SF,0
1548168613781,-2000,150.128.97.79 Disks I/O,,,,true,0,0,0,0,0,DESKTOP-PNUP7SF,0
1548168613784,40312,150.128.97.79 Memory,,,,true,0,0,0,0,0,DESKTOP-PNUP7SF,0
1548168613784,7834000,150.128.97.79 Network I/O,,,,true,0,0,0,0,0,DESKTOP-PNUP7SF,0
1548168613784,53250,150.128.97.79 CPU,,,,true,0,0,0,0,0,DESKTOP-PNUP7SF,0
1548168614784,-2000,150.128.97.79 Disks I/O,,,,true,0,0,0,0,0,DESKTOP-PNUP7SF,0
1548168614785,40312,150.128.97.79 Memory,,,,true,0,0,0,0,0,DESKTOP-PNUP7SF,0
1548168614785,7342000,150.128.97.79 Network I/O,,,,true,0,0,0,0,0,DESKTOP-PNUP7SF,0
1548168614785,50877,150.128.97.79 CPU,,,,true,0,0,0,0,0,DESKTOP-PNUP7SF,0
1548168615786,-2000,150.128.97.79 Disks I/O,,,,true,0,0,0,0,0,DESKTOP-PNUP7SF,0
1548168615786,40312,150.128.97.79 Memory,,,,true,0,0,0,0,0,DESKTOP-PNUP7SF,0
1548168615786,12283000,150.128.97.79 Network I/O,,,,true,0,0,0,0,0,DESKTOP-PNUP7SF,0
1548168615786,50502,150.128.97.79 CPU,,,,true,0,0,0,0,0,DESKTOP-PNUP7SF,0
1548168616787,-2000,150.128.97.79 Disks I/O,,,,true,0,0,0,0,0,DESKTOP-PNUP7SF,0
1548168616788,40312,150.128.97.79 Memory,,,,true,0,0,0,0,0,DESKTOP-PNUP7SF,0
1548168616788,8572000,150.128.97.79 Network I/O,,,,true,0,0,0,0,0,DESKTOP-PNUP7SF,0
1548168616788,50749,150.128.97.79 CPU,,,,true,0,0,0,0,0,DESKTOP-PNUP7SF,0
1548168617789,-2000,150.128.97.79 Disks I/O,,,,true,0,0,0,0,0,DESKTOP-PNUP7SF,0
1548168617789,40315,150.128.97.79 Memory,,,,true,0,0,0,0,0,DESKTOP-PNUP7SF,0
1548168617789,8102000,150.128.97.79 Network I/O,,,,true,0,0,0,0,0,DESKTOP-PNUP7SF,0
1548168617790,50753,150.128.97.79 CPU,,,,true,0,0,0,0,0,DESKTOP-PNUP7SF,0
1548168618790,-2000,150.128.97.79 Disks I/O,,,,true,0,0,0,0,0,DESKTOP-PNUP7SF,0
1548168618791,40315,150.128.97.79 Memory,,,,true,0,0,0,0,0,DESKTOP-PNUP7SF,0
1548168618791,8002000,150.128.97.79 Network I/O,,,,true,0,0,0,0,0,DESKTOP-PNUP7SF,0
1548168618791,54750,150.128.97.79 CPU,,,,true,0,0,0,0,0,DESKTOP-PNUP7SF,0
1548168619791,-2000,150.128.97.79 Disks I/O,,,,true,0,0,0,0,0,DESKTOP-PNUP7SF,0
1548168619792,40315,150.128.97.79 Memory,,,,true,0,0,0,0,0,DESKTOP-PNUP7SF,0
1548168619792,8002000,150.128.97.79 Network I/O,,,,true,0,0,0,0,0,DESKTOP-PNUP7SF,0
1548168619792,50749,150.128.97.79 CPU,,,,true,0,0,0,0,0,DESKTOP-PNUP7SF,0
1548168620793,-2000,150.128.97.79 Disks I/O,,,,true,0,0,0,0,0,DESKTOP-PNUP7SF,0
1548168620793,40315,150.128.97.79 Memory,,,,true,0,0,0,0,0,DESKTOP-PNUP7SF,0
1548168620793,10385000,150.128.97.79 Network I/O,,,,true,0,0,0,0,0,DESKTOP-PNUP7SF,0
1548168620793,50753,150.128.97.79 CPU,,,,true,0,0,0,0,0,DESKTOP-PNUP7SF,0
1548168621794,-2000,150.128.97.79 Disks I/O,,,,true,0,0,0,0,0,DESKTOP-PNUP7SF,0
1548168621795,40315,150.128.97.79 Memory,,,,true,0,0,0,0,0,DESKTOP-PNUP7SF,0
1548168621795,8587000,150.128.97.79 Network I/O,,,,true,0,0,0,0,0,DESKTOP-PNUP7SF,0
1548168621795,50499,150.128.97.79 CPU,,,,true,0,0,0,0,0,DESKTOP-PNUP7SF,0
1548168622796,-2000,150.128.97.79 Disks I/O,,,,true,0,0,0,0,0,DESKTOP-PNUP7SF,0
1548168622796,40315,150.128.97.79 Memory,,,,true,0,0,0,0,0,DESKTOP-PNUP7SF,0
1548168622796,11887000,150.128.97.79 Network I/O,,,,true,0,0,0,0,0,DESKTOP-PNUP7SF,0
1548168622796,51000,150.128.97.79 CPU,,,,true,0,0,0,0,0,DESKTOP-PNUP7SF,0
1548168623797,-2000,150.128.97.79 Disks I/O,,,,true,0,0,0,0,0,DESKTOP-PNUP7SF,0
1548168623797,40315,150.128.97.79 Memory,,,,true,0,0,0,0,0,DESKTOP-PNUP7SF,0
1548168623797,7862000,150.128.97.79 Network I/O,,,,true,0,0,0,0,0,DESKTOP-PNUP7SF,0
1548168623798,54659,150.128.97.79 CPU,,,,true,0,0,0,0,0,DESKTOP-PNUP7SF,0
1548168624798,-2000,150.128.97.79 Disks I/O,,,,true,0,0,0,0,0,DESKTOP-PNUP7SF,0
1548168624799,40315,150.128.97.79 Memory,,,,true,0,0,0,0,0,DESKTOP-PNUP7SF,0
1548168624799,7522000,150.128.97.79 Network I/O,,,,true,0,0,0,0,0,DESKTOP-PNUP7SF,0
1548168624799,50626,150.128.97.79 CPU,,,,true,0,0,0,0,0,DESKTOP-PNUP7SF,0
1548168625799,-1996,150.128.97.79 Disks I/O,,,,true,0,0,0,0,0,DESKTOP-PNUP7SF,0
1548168625799,40315,150.128.97.79 Memory,,,,true,0,0,0,0,0,DESKTOP-PNUP7SF,0
1548168625799,10747000,150.128.97.79 Network I/O,,,,true,0,0,0,0,0,DESKTOP-PNUP7SF,0
1548168625799,50872,150.128.97.79 CPU,,,,true,0,0,0,0,0,DESKTOP-PNUP7SF,0
1548168626800,-2000,150.128.97.79 Disks I/O,,,,true,0,0,0,0,0,DESKTOP-PNUP7SF,0
1548168626801,40315,150.128.97.79 Memory,,,,true,0,0,0,0,0,DESKTOP-PNUP7SF,0
1548168626801,10852000,150.128.97.79 Network I/O,,,,true,0,0,0,0,0,DESKTOP-PNUP7SF,0
1548168626801,50985,150.128.97.79 CPU,,,,true,0,0,0,0,0,DESKTOP-PNUP7SF,0
1548168627801,-2000,150.128.97.79 Disks I/O,,,,true,0,0,0,0,0,DESKTOP-PNUP7SF,0
1548168627801,40315,150.128.97.79 Memory,,,,true,0,0,0,0,0,DESKTOP-PNUP7SF,0
1548168627801,8674000,150.128.97.79 Network I/O,,,,true,0,0,0,0,0,DESKTOP-PNUP7SF,0
1548168627801,50620,150.128.97.79 CPU,,,,true,0,0,0,0,0,DESKTOP-PNUP7SF,0
1548168628802,-1900,150.128.97.79 Disks I/O,,,,true,0,0,0,0,0,DESKTOP-PNUP7SF,0
1548168628803,40315,150.128.97.79 Memory,,,,true,0,0,0,0,0,DESKTOP-PNUP7SF,0
1548168628803,8194000,150.128.97.79 Network I/O,,,,true,0,0,0,0,0,DESKTOP-PNUP7SF,0
1548168628803,55527,150.128.97.79 CPU,,,,true,0,0,0,0,0,DESKTOP-PNUP7SF,0
1548168629804,-2000,150.128.97.79 Disks I/O,,,,true,0,0,0,0,0,DESKTOP-PNUP7SF,0
1548168629805,40315,150.128.97.79 Memory,,,,true,0,0,0,0,0,DESKTOP-PNUP7SF,0
1548168629805,7328000,150.128.97.79 Network I/O,,,,true,0,0,0,0,0,DESKTOP-PNUP7SF,0
1548168629805,50872,150.128.97.79 CPU,,,,true,0,0,0,0,0,DESKTOP-PNUP7SF,0
1548168630805,-2000,150.128.97.79 Disks I/O,,,,true,0,0,0,0,0,DESKTOP-PNUP7SF,0
1548168630805,40264,150.128.97.79 Memory,,,,true,0,0,0,0,0,DESKTOP-PNUP7SF,0
1548168630805,9425000,150.128.97.79 Network I/O,,,,true,0,0,0,0,0,DESKTOP-PNUP7SF,0
1548168630806,51507,150.128.97.79 CPU,,,,true,0,0,0,0,0,DESKTOP-PNUP7SF,0
1548168631807,-2000,150.128.97.79 Disks I/O,,,,true,0,0,0,0,0,DESKTOP-PNUP7SF,0
1548168631808,40265,150.128.97.79 Memory,,,,true,0,0,0,0,0,DESKTOP-PNUP7SF,0
1548168631808,8884000,150.128.97.79 Network I/O,,,,true,0,0,0,0,0,DESKTOP-PNUP7SF,0
1548168631808,50629,150.128.97.79 CPU,,,,true,0,0,0,0,0,DESKTOP-PNUP7SF,0
1548168632810,-2000,150.128.97.79 Disks I/O,,,,true,0,0,0,0,0,DESKTOP-PNUP7SF,0
1548168632810,40265,150.128.97.79 Memory,,,,true,0,0,0,0,0,DESKTOP-PNUP7SF,0
1548168632810,6802000,150.128.97.79 Network I/O,,,,true,0,0,0,0,0,DESKTOP-PNUP7SF,0
1548168632811,50872,150.128.97.79 CPU,,,,true,0,0,0,0,0,DESKTOP-PNUP7SF,0
1548168633811,-2000,150.128.97.79 Disks I/O,,,,true,0,0,0,0,0,DESKTOP-PNUP7SF,0
1548168633812,40266,150.128.97.79 Memory,,,,true,0,0,0,0,0,DESKTOP-PNUP7SF,0
1548168633812,7402000,150.128.97.79 Network I/O,,,,true,0,0,0,0,0,DESKTOP-PNUP7SF,0
1548168633812,54911,150.128.97.79 CPU,,,,true,0,0,0,0,0,DESKTOP-PNUP7SF,0
1548168634812,-2000,150.128.97.79 Disks I/O,,,,true,0,0,0,0,0,DESKTOP-PNUP7SF,0
1548168634813,40266,150.128.97.79 Memory,,,,true,0,0,0,0,0,DESKTOP-PNUP7SF,0
1548168634813,8822000,150.128.97.79 Network I/O,,,,true,0,0,0,0,0,DESKTOP-PNUP7SF,0
1548168634813,50626,150.128.97.79 CPU,,,,true,0,0,0,0,0,DESKTOP-PNUP7SF,0
1548168635813,-2000,150.128.97.79 Disks I/O,,,,true,0,0,0,0,0,DESKTOP-PNUP7SF,0
1548168635814,40309,150.128.97.79 Memory,,,,true,0,0,0,0,0,DESKTOP-PNUP7SF,0
1548168635814,11983000,150.128.97.79 Network I/O,,,,true,0,0,0,0,0,DESKTOP-PNUP7SF,0
1548168635814,60804,150.128.97.79 CPU,,,,true,0,0,0,0,0,DESKTOP-PNUP7SF,0
1548168636815,-2000,150.128.97.79 Disks I/O,,,,true,0,0,0,0,0,DESKTOP-PNUP7SF,0
1548168636815,40310,150.128.97.79 Memory,,,,true,0,0,0,0,0,DESKTOP-PNUP7SF,0
1548168636815,9698000,150.128.97.79 Network I/O,,,,true,0,0,0,0,0,DESKTOP-PNUP7SF,0
1548168636815,50502,150.128.97.79 CPU,,,,true,0,0,0,0,0,DESKTOP-PNUP7SF,0
1548168637817,-2000,150.128.97.79 Disks I/O,,,,true,0,0,0,0,0,DESKTOP-PNUP7SF,0
1548168637817,40310,150.128.97.79 Memory,,,,true,0,0,0,0,0,DESKTOP-PNUP7SF,0
1548168637818,7898000,150.128.97.79 Network I/O,,,,true,0,0,0,0,0,DESKTOP-PNUP7SF,0
1548168637818,50872,150.128.97.79 CPU,,,,true,0,0,0,0,0,DESKTOP-PNUP7SF,0
1548168638818,-2000,150.128.97.79 Disks I/O,,,,true,0,0,0,0,0,DESKTOP-PNUP7SF,0
1548168638819,40320,150.128.97.79 Memory,,,,true,0,0,0,0,0,DESKTOP-PNUP7SF,0
1548168638819,7416000,150.128.97.79 Network I/O,,,,true,0,0,0,0,0,DESKTOP-PNUP7SF,0
1548168638819,54797,150.128.97.79 CPU,,,,true,0,0,0,0,0,DESKTOP-PNUP7SF,0
1548168639819,-2000,150.128.97.79 Disks I/O,,,,true,0,0,0,0,0,DESKTOP-PNUP7SF,0
1548168639819,40320,150.128.97.79 Memory,,,,true,0,0,0,0,0,DESKTOP-PNUP7SF,0
1548168639831,8222000,150.128.97.79 Network I/O,,,,true,0,0,0,0,0,DESKTOP-PNUP7SF,0
1548168639831,50749,150.128.97.79 CPU,,,,true,0,0,0,0,0,DESKTOP-PNUP7SF,0
1548168640832,-2000,150.128.97.79 Disks I/O,,,,true,0,0,0,0,0,DESKTOP-PNUP7SF,0
1548168640832,40320,150.128.97.79 Memory,,,,true,0,0,0,0,0,DESKTOP-PNUP7SF,0
1548168640832,9325000,150.128.97.79 Network I/O,,,,true,0,0,0,0,0,DESKTOP-PNUP7SF,0
1548168640832,50999,150.128.97.79 CPU,,,,true,0,0,0,0,0,DESKTOP-PNUP7SF,0
1548168641832,-2000,150.128.97.79 Disks I/O,,,,true,0,0,0,0,0,DESKTOP-PNUP7SF,0
1548168641833,40320,150.128.97.79 Memory,,,,true,0,0,0,0,0,DESKTOP-PNUP7SF,0
1548168641833,9058000,150.128.97.79 Network I/O,,,,true,0,0,0,0,0,DESKTOP-PNUP7SF,0
1548168641833,50749,150.128.97.79 CPU,,,,true,0,0,0,0,0,DESKTOP-PNUP7SF,0
1548168642833,-2000,150.128.97.79 Disks I/O,,,,true,0,0,0,0,0,DESKTOP-PNUP7SF,0
1548168642833,40320,150.128.97.79 Memory,,,,true,0,0,0,0,0,DESKTOP-PNUP7SF,0
1548168642833,7898000,150.128.97.79 Network I/O,,,,true,0,0,0,0,0,DESKTOP-PNUP7SF,0
1548168642833,50749,150.128.97.79 CPU,,,,true,0,0,0,0,0,DESKTOP-PNUP7SF,0
1548168643834,-1980,150.128.97.79 Disks I/O,,,,true,0,0,0,0,0,DESKTOP-PNUP7SF,0
1548168643835,40322,150.128.97.79 Memory,,,,true,0,0,0,0,0,DESKTOP-PNUP7SF,0
1548168643835,7870000,150.128.97.79 Network I/O,,,,true,0,0,0,0,0,DESKTOP-PNUP7SF,0
1548168643841,55415,150.128.97.79 CPU,,,,true,0,0,0,0,0,DESKTOP-PNUP7SF,0
1548168644841,-2000,150.128.97.79 Disks I/O,,,,true,0,0,0,0,0,DESKTOP-PNUP7SF,0
1548168644842,40315,150.128.97.79 Memory,,,,true,0,0,0,0,0,DESKTOP-PNUP7SF,0
1548168644842,7888000,150.128.97.79 Network I/O,,,,true,0,0,0,0,0,DESKTOP-PNUP7SF,0
1548168644842,51127,150.128.97.79 CPU,,,,true,0,0,0,0,0,DESKTOP-PNUP7SF,0
1548168645842,-2000,150.128.97.79 Disks I/O,,,,true,0,0,0,0,0,DESKTOP-PNUP7SF,0
1548168645842,40315,150.128.97.79 Memory,,,,true,0,0,0,0,0,DESKTOP-PNUP7SF,0
1548168645842,12983000,150.128.97.79 Network I/O,,,,true,0,0,0,0,0,DESKTOP-PNUP7SF,0
1548168645842,50626,150.128.97.79 CPU,,,,true,0,0,0,0,0,DESKTOP-PNUP7SF,0
1548168646842,-2000,150.128.97.79 Disks I/O,,,,true,0,0,0,0,0,DESKTOP-PNUP7SF,0
1548168646843,40315,150.128.97.79 Memory,,,,true,0,0,0,0,0,DESKTOP-PNUP7SF,0
1548168646843,9266000,150.128.97.79 Network I/O,,,,true,0,0,0,0,0,DESKTOP-PNUP7SF,0
1548168646843,50753,150.128.97.79 CPU,,,,true,0,0,0,0,0,DESKTOP-PNUP7SF,0
1548168647843,-2000,150.128.97.79 Disks I/O,,,,true,0,0,0,0,0,DESKTOP-PNUP7SF,0
1548168647844,40310,150.128.97.79 Memory,,,,true,0,0,0,0,0,DESKTOP-PNUP7SF,0
1548168647844,7282000,150.128.97.79 Network I/O,,,,true,0,0,0,0,0,DESKTOP-PNUP7SF,0
1548168647844,50749,150.128.97.79 CPU,,,,true,0,0,0,0,0,DESKTOP-PNUP7SF,0
1548168648844,-2000,150.128.97.79 Disks I/O,,,,true,0,0,0,0,0,DESKTOP-PNUP7SF,0
1548168648845,40310,150.128.97.79 Memory,,,,true,0,0,0,0,0,DESKTOP-PNUP7SF,0
1548168648845,8002000,150.128.97.79 Network I/O,,,,true,0,0,0,0,0,DESKTOP-PNUP7SF,0
1548168648845,54773,150.128.97.79 CPU,,,,true,0,0,0,0,0,DESKTOP-PNUP7SF,0
1548168649845,-2000,150.128.97.79 Disks I/O,,,,true,0,0,0,0,0,DESKTOP-PNUP7SF,0
1548168649846,40310,150.128.97.79 Memory,,,,true,0,0,0,0,0,DESKTOP-PNUP7SF,0
1548168649846,8252000,150.128.97.79 Network I/O,,,,true,0,0,0,0,0,DESKTOP-PNUP7SF,0
1548168649846,50626,150.128.97.79 CPU,,,,true,0,0,0,0,0,DESKTOP-PNUP7SF,0
1548168650847,-2000,150.128.97.79 Disks I/O,,,,true,0,0,0,0,0,DESKTOP-PNUP7SF,0
1548168650847,40309,150.128.97.79 Memory,,,,true,0,0,0,0,0,DESKTOP-PNUP7SF,0
1548168650847,10829000,150.128.97.79 Network I/O,,,,true,0,0,0,0,0,DESKTOP-PNUP7SF,0
1548168650847,51515,150.128.97.79 CPU,,,,true,0,0,0,0,0,DESKTOP-PNUP7SF,0
1548168651847,-2000,150.128.97.79 Disks I/O,,,,true,0,0,0,0,0,DESKTOP-PNUP7SF,0
1548168651848,40309,150.128.97.79 Memory,,,,true,0,0,0,0,0,DESKTOP-PNUP7SF,0
1548168651848,9864000,150.128.97.79 Network I/O,,,,true,0,0,0,0,0,DESKTOP-PNUP7SF,0
1548168651848,51005,150.128.97.79 CPU,,,,true,0,0,0,0,0,DESKTOP-PNUP7SF,0
1548168652849,-2000,150.128.97.79 Disks I/O,,,,true,0,0,0,0,0,DESKTOP-PNUP7SF,0
1548168652849,40309,150.128.97.79 Memory,,,,true,0,0,0,0,0,DESKTOP-PNUP7SF,0
1548168652849,11752000,150.128.97.79 Network I/O,,,,true,0,0,0,0,0,DESKTOP-PNUP7SF,0
1548168652849,51378,150.128.97.79 CPU,,,,true,0,0,0,0,0,DESKTOP-PNUP7SF,0
1548168653872,-2000,150.128.97.79 Disks I/O,,,,true,0,0,0,0,0,DESKTOP-PNUP7SF,0
1548168653872,40309,150.128.97.79 Memory,,,,true,0,0,0,0,0,DESKTOP-PNUP7SF,0
1548168653872,7662000,150.128.97.79 Network I/O,,,,true,0,0,0,0,0,DESKTOP-PNUP7SF,0
1548168653872,55025,150.128.97.79 CPU,,,,true,0,0,0,0,0,DESKTOP-PNUP7SF,0
1548168654873,-2000,150.128.97.79 Disks I/O,,,,true,0,0,0,0,0,DESKTOP-PNUP7SF,0
1548168654873,40309,150.128.97.79 Memory,,,,true,0,0,0,0,0,DESKTOP-PNUP7SF,0
1548168654873,8002000,150.128.97.79 Network I/O,,,,true,0,0,0,0,0,DESKTOP-PNUP7SF,0
1548168654873,51507,150.128.97.79 CPU,,,,true,0,0,0,0,0,DESKTOP-PNUP7SF,0
1548168655874,-2000,150.128.97.79 Disks I/O,,,,true,0,0,0,0,0,DESKTOP-PNUP7SF,0
1548168655875,40309,150.128.97.79 Memory,,,,true,0,0,0,0,0,DESKTOP-PNUP7SF,0
1548168655875,10798000,150.128.97.79 Network I/O,,,,true,0,0,0,0,0,DESKTOP-PNUP7SF,0
1548168655875,51005,150.128.97.79 CPU,,,,true,0,0,0,0,0,DESKTOP-PNUP7SF,0
1548168656876,-2000,150.128.97.79 Disks I/O,,,,true,0,0,0,0,0,DESKTOP-PNUP7SF,0
1548168656877,40309,150.128.97.79 Memory,,,,true,0,0,0,0,0,DESKTOP-PNUP7SF,0
1548168656877,11181000,150.128.97.79 Network I/O,,,,true,0,0,0,0,0,DESKTOP-PNUP7SF,0
1548168656877,51262,150.128.97.79 CPU,,,,true,0,0,0,0,0,DESKTOP-PNUP7SF,0
1548168657877,-1996,150.128.97.79 Disks I/O,,,,true,0,0,0,0,0,DESKTOP-PNUP7SF,0
1548168657878,40311,150.128.97.79 Memory,,,,true,0,0,0,0,0,DESKTOP-PNUP7SF,0
1548168657878,7372000,150.128.97.79 Network I/O,,,,true,0,0,0,0,0,DESKTOP-PNUP7SF,0
1548168657878,52261,150.128.97.79 CPU,,,,true,0,0,0,0,0,DESKTOP-PNUP7SF,0
1548168658879,-2000,150.128.97.79 Disks I/O,,,,true,0,0,0,0,0,DESKTOP-PNUP7SF,0
1548168658880,40311,150.128.97.79 Memory,,,,true,0,0,0,0,0,DESKTOP-PNUP7SF,0
1548168658880,6992000,150.128.97.79 Network I/O,,,,true,0,0,0,0,0,DESKTOP-PNUP7SF,0
1548168658880,55889,150.128.97.79 CPU,,,,true,0,0,0,0,0,DESKTOP-PNUP7SF,0
1548168659880,-2000,150.128.97.79 Disks I/O,,,,true,0,0,0,0,0,DESKTOP-PNUP7SF,0
1548168659881,40310,150.128.97.79 Memory,,,,true,0,0,0,0,0,DESKTOP-PNUP7SF,0
1548168659881,6565000,150.128.97.79 Network I/O,,,,true,0,0,0,0,0,DESKTOP-PNUP7SF,0
1548168659881,51249,150.128.97.79 CPU,,,,true,0,0,0,0,0,DESKTOP-PNUP7SF,0
1548168660881,-1996,150.128.97.79 Disks I/O,,,,true,0,0,0,0,0,DESKTOP-PNUP7SF,0
1548168660882,40311,150.128.97.79 Memory,,,,true,0,0,0,0,0,DESKTOP-PNUP7SF,0
1548168660882,9032000,150.128.97.79 Network I/O,,,,true,0,0,0,0,0,DESKTOP-PNUP7SF,0
1548168660882,50881,150.128.97.79 CPU,,,,true,0,0,0,0,0,DESKTOP-PNUP7SF,0
1548168661883,-2000,150.128.97.79 Disks I/O,,,,true,0,0,0,0,0,DESKTOP-PNUP7SF,0
1548168661883,40311,150.128.97.79 Memory,,,,true,0,0,0,0,0,DESKTOP-PNUP7SF,0
1548168661883,9691000,150.128.97.79 Network I/O,,,,true,0,0,0,0,0,DESKTOP-PNUP7SF,0
1548168661883,50877,150.128.97.79 CPU,,,,true,0,0,0,0,0,DESKTOP-PNUP7SF,0
1548168662884,-2000,150.128.97.79 Disks I/O,,,,true,0,0,0,0,0,DESKTOP-PNUP7SF,0
1548168662884,40311,150.128.97.79 Memory,,,,true,0,0,0,0,0,DESKTOP-PNUP7SF,0
1548168662884,7982000,150.128.97.79 Network I/O,,,,true,0,0,0,0,0,DESKTOP-PNUP7SF,0
1548168662884,50505,150.128.97.79 CPU,,,,true,0,0,0,0,0,DESKTOP-PNUP7SF,0
1548168663885,-2000,150.128.97.79 Disks I/O,,,,true,0,0,0,0,0,DESKTOP-PNUP7SF,0
1548168663886,40311,150.128.97.79 Memory,,,,true,0,0,0,0,0,DESKTOP-PNUP7SF,0
1548168663886,7282000,150.128.97.79 Network I/O,,,,true,0,0,0,0,0,DESKTOP-PNUP7SF,0
1548168663886,54408,150.128.97.79 CPU,,,,true,0,0,0,0,0,DESKTOP-PNUP7SF,0
1548168664887,-1996,150.128.97.79 Disks I/O,,,,true,0,0,0,0,0,DESKTOP-PNUP7SF,0
1548168664887,40312,150.128.97.79 Memory,,,,true,0,0,0,0,0,DESKTOP-PNUP7SF,0
1548168664887,7642000,150.128.97.79 Network I/O,,,,true,0,0,0,0,0,DESKTOP-PNUP7SF,0
1548168664887,50877,150.128.97.79 CPU,,,,true,0,0,0,0,0,DESKTOP-PNUP7SF,0
1548168665889,-1992,150.128.97.79 Disks I/O,,,,true,0,0,0,0,0,DESKTOP-PNUP7SF,0
1548168665889,40313,150.128.97.79 Memory,,,,true,0,0,0,0,0,DESKTOP-PNUP7SF,0
1548168665890,10046000,150.128.97.79 Network I/O,,,,true,0,0,0,0,0,DESKTOP-PNUP7SF,0
1548168665890,51371,150.128.97.79 CPU,,,,true,0,0,0,0,0,DESKTOP-PNUP7SF,0
1548168666891,-2000,150.128.97.79 Disks I/O,,,,true,0,0,0,0,0,DESKTOP-PNUP7SF,0
1548168666891,40312,150.128.97.79 Memory,,,,true,0,0,0,0,0,DESKTOP-PNUP7SF,0
1548168666892,9951000,150.128.97.79 Network I/O,,,,true,0,0,0,0,0,DESKTOP-PNUP7SF,0
1548168666892,51005,150.128.97.79 CPU,,,,true,0,0,0,0,0,DESKTOP-PNUP7SF,0
1548168667892,-2000,150.128.97.79 Disks I/O,,,,true,0,0,0,0,0,DESKTOP-PNUP7SF,0
1548168667892,40312,150.128.97.79 Memory,,,,true,0,0,0,0,0,DESKTOP-PNUP7SF,0
1548168667892,7322000,150.128.97.79 Network I/O,,,,true,0,0,0,0,0,DESKTOP-PNUP7SF,0
1548168667892,50502,150.128.97.79 CPU,,,,true,0,0,0,0,0,DESKTOP-PNUP7SF,0
1548168668893,-2000,150.128.97.79 Disks I/O,,,,true,0,0,0,0,0,DESKTOP-PNUP7SF,0
1548168668893,40312,150.128.97.79 Memory,,,,true,0,0,0,0,0,DESKTOP-PNUP7SF,0
1548168668893,7402000,150.128.97.79 Network I/O,,,,true,0,0,0,0,0,DESKTOP-PNUP7SF,0
1548168668894,54659,150.128.97.79 CPU,,,,true,0,0,0,0,0,DESKTOP-PNUP7SF,0
1548168669894,-2000,150.128.97.79 Disks I/O,,,,true,0,0,0,0,0,DESKTOP-PNUP7SF,0
1548168669895,40312,150.128.97.79 Memory,,,,true,0,0,0,0,0,DESKTOP-PNUP7SF,0
1548168669895,8485000,150.128.97.79 Network I/O,,,,true,0,0,0,0,0,DESKTOP-PNUP7SF,0
1548168669895,50502,150.128.97.79 CPU,,,,true,0,0,0,0,0,DESKTOP-PNUP7SF,0
1548168670895,-2000,150.128.97.79 Disks I/O,,,,true,0,0,0,0,0,DESKTOP-PNUP7SF,0
1548168670896,40312,150.128.97.79 Memory,,,,true,0,0,0,0,0,DESKTOP-PNUP7SF,0
1548168670896,9146000,150.128.97.79 Network I/O,,,,true,0,0,0,0,0,DESKTOP-PNUP7SF,0
1548168670896,51122,150.128.97.79 CPU,,,,true,0,0,0,0,0,DESKTOP-PNUP7SF,0
1548168671897,-2000,150.128.97.79 Disks I/O,,,,true,0,0,0,0,0,DESKTOP-PNUP7SF,0
1548168671897,40312,150.128.97.79 Memory,,,,true,0,0,0,0,0,DESKTOP-PNUP7SF,0
1548168671898,9401000,150.128.97.79 Network I/O,,,,true,0,0,0,0,0,DESKTOP-PNUP7SF,0
1548168671898,50626,150.128.97.79 CPU,,,,true,0,0,0,0,0,DESKTOP-PNUP7SF,0
1548168672899,-2000,150.128.97.79 Disks I/O,,,,true,0,0,0,0,0,DESKTOP-PNUP7SF,0
1548168672899,40312,150.128.97.79 Memory,,,,true,0,0,0,0,0,DESKTOP-PNUP7SF,0
1548168672899,6994000,150.128.97.79 Network I/O,,,,true,0,0,0,0,0,DESKTOP-PNUP7SF,0
1548168672900,51249,150.128.97.79 CPU,,,,true,0,0,0,0,0,DESKTOP-PNUP7SF,0
1548168673901,-2000,150.128.97.79 Disks I/O,,,,true,0,0,0,0,0,DESKTOP-PNUP7SF,0
1548168673901,40312,150.128.97.79 Memory,,,,true,0,0,0,0,0,DESKTOP-PNUP7SF,0
1548168673901,8542000,150.128.97.79 Network I/O,,,,true,0,0,0,0,0,DESKTOP-PNUP7SF,0
1548168673901,54726,150.128.97.79 CPU,,,,true,0,0,0,0,0,DESKTOP-PNUP7SF,0
1548168674903,-2000,150.128.97.79 Disks I/O,,,,true,0,0,0,0,0,DESKTOP-PNUP7SF,0
1548168674904,40323,150.128.97.79 Memory,,,,true,0,0,0,0,0,DESKTOP-PNUP7SF,0
1548168674904,7642000,150.128.97.79 Network I/O,,,,true,0,0,0,0,0,DESKTOP-PNUP7SF,0
1548168674904,51530,150.128.97.79 CPU,,,,true,0,0,0,0,0,DESKTOP-PNUP7SF,0
1548168675905,-2000,150.128.97.79 Disks I/O,,,,true,0,0,0,0,0,DESKTOP-PNUP7SF,0
1548168675906,40323,150.128.97.79 Memory,,,,true,0,0,0,0,0,DESKTOP-PNUP7SF,0
1548168675906,11884000,150.128.97.79 Network I/O,,,,true,0,0,0,0,0,DESKTOP-PNUP7SF,0
1548168675906,50626,150.128.97.79 CPU,,,,true,0,0,0,0,0,DESKTOP-PNUP7SF,0
1548168676906,-2000,150.128.97.79 Disks I/O,,,,true,0,0,0,0,0,DESKTOP-PNUP7SF,0
1548168676907,40324,150.128.97.79 Memory,,,,true,0,0,0,0,0,DESKTOP-PNUP7SF,0
1548168676907,9691000,150.128.97.79 Network I/O,,,,true,0,0,0,0,0,DESKTOP-PNUP7SF,0
1548168676907,50749,150.128.97.79 CPU,,,,true,0,0,0,0,0,DESKTOP-PNUP7SF,0
1548168677907,-2000,150.128.97.79 Disks I/O,,,,true,0,0,0,0,0,DESKTOP-PNUP7SF,0
1548168677908,40326,150.128.97.79 Memory,,,,true,0,0,0,0,0,DESKTOP-PNUP7SF,0
1548168677908,6802000,150.128.97.79 Network I/O,,,,true,0,0,0,0,0,DESKTOP-PNUP7SF,0
1548168677908,51127,150.128.97.79 CPU,,,,true,0,0,0,0,0,DESKTOP-PNUP7SF,0
1548168678909,-2000,150.128.97.79 Disks I/O,,,,true,0,0,0,0,0,DESKTOP-PNUP7SF,0
1548168678910,40326,150.128.97.79 Memory,,,,true,0,0,0,0,0,DESKTOP-PNUP7SF,0
1548168678910,7382000,150.128.97.79 Network I/O,,,,true,0,0,0,0,0,DESKTOP-PNUP7SF,0
1548168678910,54999,150.128.97.79 CPU,,,,true,0,0,0,0,0,DESKTOP-PNUP7SF,0
1548168679910,-2000,150.128.97.79 Disks I/O,,,,true,0,0,0,0,0,DESKTOP-PNUP7SF,0
1548168679911,40326,150.128.97.79 Memory,,,,true,0,0,0,0,0,DESKTOP-PNUP7SF,0
1548168679911,8660000,150.128.97.79 Network I/O,,,,true,0,0,0,0,0,DESKTOP-PNUP7SF,0
1548168679911,50749,150.128.97.79 CPU,,,,true,0,0,0,0,0,DESKTOP-PNUP7SF,0
1548168680911,-2000,150.128.97.79 Disks I/O,,,,true,0,0,0,0,0,DESKTOP-PNUP7SF,0
1548168680911,40326,150.128.97.79 Memory,,,,true,0,0,0,0,0,DESKTOP-PNUP7SF,0
1548168680911,9146000,150.128.97.79 Network I/O,,,,true,0,0,0,0,0,DESKTOP-PNUP7SF,0
1548168680911,50877,150.128.97.79 CPU,,,,true,0,0,0,0,0,DESKTOP-PNUP7SF,0
1548168681912,-2000,150.128.97.79 Disks I/O,,,,true,0,0,0,0,0,DESKTOP-PNUP7SF,0
1548168681913,40326,150.128.97.79 Memory,,,,true,0,0,0,0,0,DESKTOP-PNUP7SF,0
1548168681913,10411000,150.128.97.79 Network I/O,,,,true,0,0,0,0,0,DESKTOP-PNUP7SF,0
1548168681914,50626,150.128.97.79 CPU,,,,true,0,0,0,0,0,DESKTOP-PNUP7SF,0
1548168682914,-2000,150.128.97.79 Disks I/O,,,,true,0,0,0,0,0,DESKTOP-PNUP7SF,0
1548168682914,40326,150.128.97.79 Memory,,,,true,0,0,0,0,0,DESKTOP-PNUP7SF,0
1548168682914,11422000,150.128.97.79 Network I/O,,,,true,0,0,0,0,0,DESKTOP-PNUP7SF,0
1548168682914,50757,150.128.97.79 CPU,,,,true,0,0,0,0,0,DESKTOP-PNUP7SF,0
1548168683915,-2000,150.128.97.79 Disks I/O,,,,true,0,0,0,0,0,DESKTOP-PNUP7SF,0
1548168683915,40326,150.128.97.79 Memory,,,,true,0,0,0,0,0,DESKTOP-PNUP7SF,0
1548168683915,8122000,150.128.97.79 Network I/O,,,,true,0,0,0,0,0,DESKTOP-PNUP7SF,0
1548168683915,55000,150.128.97.79 CPU,,,,true,0,0,0,0,0,DESKTOP-PNUP7SF,0
1548168684916,-2000,150.128.97.79 Disks I/O,,,,true,0,0,0,0,0,DESKTOP-PNUP7SF,0
1548168684917,40326,150.128.97.79 Memory,,,,true,0,0,0,0,0,DESKTOP-PNUP7SF,0
1548168684917,9704000,150.128.97.79 Network I/O,,,,true,0,0,0,0,0,DESKTOP-PNUP7SF,0
1548168684917,50872,150.128.97.79 CPU,,,,true,0,0,0,0,0,DESKTOP-PNUP7SF,0
1548168685918,-1948,150.128.97.79 Disks I/O,,,,true,0,0,0,0,0,DESKTOP-PNUP7SF,0
1548168685919,40327,150.128.97.79 Memory,,,,true,0,0,0,0,0,DESKTOP-PNUP7SF,0
1548168685919,11590000,150.128.97.79 Network I/O,,,,true,0,0,0,0,0,DESKTOP-PNUP7SF,0
1548168685920,50629,150.128.97.79 CPU,,,,true,0,0,0,0,0,DESKTOP-PNUP7SF,0
1548168686922,-2000,150.128.97.79 Disks I/O,,,,true,0,0,0,0,0,DESKTOP-PNUP7SF,0
1548168686923,40327,150.128.97.79 Memory,,,,true,0,0,0,0,0,DESKTOP-PNUP7SF,0
1548168686923,11533000,150.128.97.79 Network I/O,,,,true,0,0,0,0,0,DESKTOP-PNUP7SF,0
1548168686923,50877,150.128.97.79 CPU,,,,true,0,0,0,0,0,DESKTOP-PNUP7SF,0
1548168687924,-2000,150.128.97.79 Disks I/O,,,,true,0,0,0,0,0,DESKTOP-PNUP7SF,0
1548168687925,40327,150.128.97.79 Memory,,,,true,0,0,0,0,0,DESKTOP-PNUP7SF,0
1548168687925,7534000,150.128.97.79 Network I/O,,,,true,0,0,0,0,0,DESKTOP-PNUP7SF,0
1548168687925,50626,150.128.97.79 CPU,,,,true,0,0,0,0,0,DESKTOP-PNUP7SF,0
1548168688927,-2000,150.128.97.79 Disks I/O,,,,true,0,0,0,0,0,DESKTOP-PNUP7SF,0
1548168688927,40327,150.128.97.79 Memory,,,,true,0,0,0,0,0,DESKTOP-PNUP7SF,0
1548168688928,7762000,150.128.97.79 Network I/O,,,,true,0,0,0,0,0,DESKTOP-PNUP7SF,0
1548168688928,54887,150.128.97.79 CPU,,,,true,0,0,0,0,0,DESKTOP-PNUP7SF,0
1548168689929,-2000,150.128.97.79 Disks I/O,,,,true,0,0,0,0,0,DESKTOP-PNUP7SF,0
1548168689929,40327,150.128.97.79 Memory,,,,true,0,0,0,0,0,DESKTOP-PNUP7SF,0
1548168689930,8172000,150.128.97.79 Network I/O,,,,true,0,0,0,0,0,DESKTOP-PNUP7SF,0
1548168689930,50502,150.128.97.79 CPU,,,,true,0,0,0,0,0,DESKTOP-PNUP7SF,0
1548168690941,-2000,150.128.97.79 Disks I/O,,,,true,0,0,0,0,0,DESKTOP-PNUP7SF,0
1548168690941,40327,150.128.97.79 Memory,,,,true,0,0,0,0,0,DESKTOP-PNUP7SF,0
1548168690948,9566000,150.128.97.79 Network I/O,,,,true,0,0,0,0,0,DESKTOP-PNUP7SF,0
1548168690948,50749,150.128.97.79 CPU,,,,true,0,0,0,0,0,DESKTOP-PNUP7SF,0
1548168691948,-2000,150.128.97.79 Disks I/O,,,,true,0,0,0,0,0,DESKTOP-PNUP7SF,0
1548168691948,40327,150.128.97.79 Memory,,,,true,0,0,0,0,0,DESKTOP-PNUP7SF,0
1548168691948,10363000,150.128.97.79 Network I/O,,,,true,0,0,0,0,0,DESKTOP-PNUP7SF,0
1548168691948,51000,150.128.97.79 CPU,,,,true,0,0,0,0,0,DESKTOP-PNUP7SF,0
1548168692949,-2000,150.128.97.79 Disks I/O,,,,true,0,0,0,0,0,DESKTOP-PNUP7SF,0
1548168692950,40327,150.128.97.79 Memory,,,,true,0,0,0,0,0,DESKTOP-PNUP7SF,0
1548168692950,8122000,150.128.97.79 Network I/O,,,,true,0,0,0,0,0,DESKTOP-PNUP7SF,0
1548168692950,50626,150.128.97.79 CPU,,,,true,0,0,0,0,0,DESKTOP-PNUP7SF,0
1548168693953,964,150.128.97.79 Disks I/O,,,,true,0,0,0,0,0,DESKTOP-PNUP7SF,0
1548168693953,40327,150.128.97.79 Memory,,,,true,0,0,0,0,0,DESKTOP-PNUP7SF,0
1548168693953,8602000,150.128.97.79 Network I/O,,,,true,0,0,0,0,0,DESKTOP-PNUP7SF,0
1548168693954,54773,150.128.97.79 CPU,,,,true,0,0,0,0,0,DESKTOP-PNUP7SF,0
1548168694955,-2000,150.128.97.79 Disks I/O,,,,true,0,0,0,0,0,DESKTOP-PNUP7SF,0
1548168694956,40325,150.128.97.79 Memory,,,,true,0,0,0,0,0,DESKTOP-PNUP7SF,0
1548168694956,10508000,150.128.97.79 Network I/O,,,,true,0,0,0,0,0,DESKTOP-PNUP7SF,0
1548168694956,50881,150.128.97.79 CPU,,,,true,0,0,0,0,0,DESKTOP-PNUP7SF,0
1548168695957,-1996,150.128.97.79 Disks I/O,,,,true,0,0,0,0,0,DESKTOP-PNUP7SF,0
1548168695958,40325,150.128.97.79 Memory,,,,true,0,0,0,0,0,DESKTOP-PNUP7SF,0
1548168695958,11984000,150.128.97.79 Network I/O,,,,true,0,0,0,0,0,DESKTOP-PNUP7SF,0
1548168695958,51122,150.128.97.79 CPU,,,,true,0,0,0,0,0,DESKTOP-PNUP7SF,0
1548168696959,-2000,150.128.97.79 Disks I/O,,,,true,0,0,0,0,0,DESKTOP-PNUP7SF,0
1548168696960,40325,150.128.97.79 Memory,,,,true,0,0,0,0,0,DESKTOP-PNUP7SF,0
1548168696960,11679000,150.128.97.79 Network I/O,,,,true,0,0,0,0,0,DESKTOP-PNUP7SF,0
1548168696960,50877,150.128.97.79 CPU,,,,true,0,0,0,0,0,DESKTOP-PNUP7SF,0
1548168697961,-2000,150.128.97.79 Disks I/O,,,,true,0,0,0,0,0,DESKTOP-PNUP7SF,0
1548168697961,40325,150.128.97.79 Memory,,,,true,0,0,0,0,0,DESKTOP-PNUP7SF,0
1548168697961,8098000,150.128.97.79 Network I/O,,,,true,0,0,0,0,0,DESKTOP-PNUP7SF,0
1548168697962,50626,150.128.97.79 CPU,,,,true,0,0,0,0,0,DESKTOP-PNUP7SF,0
1548168698962,-2000,150.128.97.79 Disks I/O,,,,true,0,0,0,0,0,DESKTOP-PNUP7SF,0
1548168698963,40283,150.128.97.79 Memory,,,,true,0,0,0,0,0,DESKTOP-PNUP7SF,0
1548168698963,7348000,150.128.97.79 Network I/O,,,,true,0,0,0,0,0,DESKTOP-PNUP7SF,0
1548168698963,55639,150.128.97.79 CPU,,,,true,0,0,0,0,0,DESKTOP-PNUP7SF,0
1548168699963,-2000,150.128.97.79 Disks I/O,,,,true,0,0,0,0,0,DESKTOP-PNUP7SF,0
1548168699964,40283,150.128.97.79 Memory,,,,true,0,0,0,0,0,DESKTOP-PNUP7SF,0
1548168699964,9528000,150.128.97.79 Network I/O,,,,true,0,0,0,0,0,DESKTOP-PNUP7SF,0
1548168699964,50753,150.128.97.79 CPU,,,,true,0,0,0,0,0,DESKTOP-PNUP7SF,0
1548168700964,-2000,150.128.97.79 Disks I/O,,,,true,0,0,0,0,0,DESKTOP-PNUP7SF,0
1548168700964,40283,150.128.97.79 Memory,,,,true,0,0,0,0,0,DESKTOP-PNUP7SF,0
1548168700964,9986000,150.128.97.79 Network I/O,,,,true,0,0,0,0,0,DESKTOP-PNUP7SF,0
1548168700964,50877,150.128.97.79 CPU,,,,true,0,0,0,0,0,DESKTOP-PNUP7SF,0
1548168701965,-2000,150.128.97.79 Disks I/O,,,,true,0,0,0,0,0,DESKTOP-PNUP7SF,0
1548168701965,40283,150.128.97.79 Memory,,,,true,0,0,0,0,0,DESKTOP-PNUP7SF,0
1548168701966,12501000,150.128.97.79 Network I/O,,,,true,0,0,0,0,0,DESKTOP-PNUP7SF,0
1548168701968,51005,150.128.97.79 CPU,,,,true,0,0,0,0,0,DESKTOP-PNUP7SF,0
1548168702974,-2000,150.128.97.79 Disks I/O,,,,true,0,0,0,0,0,DESKTOP-PNUP7SF,0
1548168702975,40283,150.128.97.79 Memory,,,,true,0,0,0,0,0,DESKTOP-PNUP7SF,0
1548168702975,8738000,150.128.97.79 Network I/O,,,,true,0,0,0,0,0,DESKTOP-PNUP7SF,0
1548168702976,50749,150.128.97.79 CPU,,,,true,0,0,0,0,0,DESKTOP-PNUP7SF,0
1548168703976,-1972,150.128.97.79 Disks I/O,,,,true,0,0,0,0,0,DESKTOP-PNUP7SF,0
1548168703977,40328,150.128.97.79 Memory,,,,true,0,0,0,0,0,DESKTOP-PNUP7SF,0
1548168703977,9360000,150.128.97.79 Network I/O,,,,true,0,0,0,0,0,DESKTOP-PNUP7SF,0
1548168703977,58646,150.128.97.79 CPU,,,,true,0,0,0,0,0,DESKTOP-PNUP7SF,0
1548168704977,-1820,150.128.97.79 Disks I/O,,,,true,0,0,0,0,0,DESKTOP-PNUP7SF,0
1548168704977,40328,150.128.97.79 Memory,,,,true,0,0,0,0,0,DESKTOP-PNUP7SF,0
1548168704977,7896000,150.128.97.79 Network I/O,,,,true,0,0,0,0,0,DESKTOP-PNUP7SF,0
1548168704978,50881,150.128.97.79 CPU,,,,true,0,0,0,0,0,DESKTOP-PNUP7SF,0
1548168705978,-1964,150.128.97.79 Disks I/O,,,,true,0,0,0,0,0,DESKTOP-PNUP7SF,0
1548168705979,40328,150.128.97.79 Memory,,,,true,0,0,0,0,0,DESKTOP-PNUP7SF,0
1548168705979,12314000,150.128.97.79 Network I/O,,,,true,0,0,0,0,0,DESKTOP-PNUP7SF,0
1548168705979,51507,150.128.97.79 CPU,,,,true,0,0,0,0,0,DESKTOP-PNUP7SF,0
1548168706979,-2000,150.128.97.79 Disks I/O,,,,true,0,0,0,0,0,DESKTOP-PNUP7SF,0
1548168706980,40328,150.128.97.79 Memory,,,,true,0,0,0,0,0,DESKTOP-PNUP7SF,0
1548168706980,10426000,150.128.97.79 Network I/O,,,,true,0,0,0,0,0,DESKTOP-PNUP7SF,0
1548168706980,50753,150.128.97.79 CPU,,,,true,0,0,0,0,0,DESKTOP-PNUP7SF,0
1548168707980,-2000,150.128.97.79 Disks I/O,,,,true,0,0,0,0,0,DESKTOP-PNUP7SF,0
1548168707981,40328,150.128.97.79 Memory,,,,true,0,0,0,0,0,DESKTOP-PNUP7SF,0
1548168707981,8401000,150.128.97.79 Network I/O,,,,true,0,0,0,0,0,DESKTOP-PNUP7SF,0
1548168707981,50877,150.128.97.79 CPU,,,,true,0,0,0,0,0,DESKTOP-PNUP7SF,0
1548168708981,-2000,150.128.97.79 Disks I/O,,,,true,0,0,0,0,0,DESKTOP-PNUP7SF,0
1548168708982,40328,150.128.97.79 Memory,,,,true,0,0,0,0,0,DESKTOP-PNUP7SF,0
1548168708982,8442000,150.128.97.79 Network I/O,,,,true,0,0,0,0,0,DESKTOP-PNUP7SF,0
1548168708982,54773,150.128.97.79 CPU,,,,true,0,0,0,0,0,DESKTOP-PNUP7SF,0
1548168709982,-2000,150.128.97.79 Disks I/O,,,,true,0,0,0,0,0,DESKTOP-PNUP7SF,0
1548168709983,40324,150.128.97.79 Memory,,,,true,0,0,0,0,0,DESKTOP-PNUP7SF,0
1548168709983,8432000,150.128.97.79 Network I/O,,,,true,0,0,0,0,0,DESKTOP-PNUP7SF,0
1548168709983,50877,150.128.97.79 CPU,,,,true,0,0,0,0,0,DESKTOP-PNUP7SF,0
1548168710984,-2000,150.128.97.79 Disks I/O,,,,true,0,0,0,0,0,DESKTOP-PNUP7SF,0
1548168710984,40324,150.128.97.79 Memory,,,,true,0,0,0,0,0,DESKTOP-PNUP7SF,0
1548168710984,8920000,150.128.97.79 Network I/O,,,,true,0,0,0,0,0,DESKTOP-PNUP7SF,0
1548168710985,50749,150.128.97.79 CPU,,,,true,0,0,0,0,0,DESKTOP-PNUP7SF,0
1548168711986,-2000,150.128.97.79 Disks I/O,,,,true,0,0,0,0,0,DESKTOP-PNUP7SF,0
1548168711987,40324,150.128.97.79 Memory,,,,true,0,0,0,0,0,DESKTOP-PNUP7SF,0
1548168711987,8572000,150.128.97.79 Network I/O,,,,true,0,0,0,0,0,DESKTOP-PNUP7SF,0
1548168711987,51243,150.128.97.79 CPU,,,,true,0,0,0,0,0,DESKTOP-PNUP7SF,0
1548168712988,-2000,150.128.97.79 Disks I/O,,,,true,0,0,0,0,0,DESKTOP-PNUP7SF,0
1548168712989,40324,150.128.97.79 Memory,,,,true,0,0,0,0,0,DESKTOP-PNUP7SF,0
1548168712989,12641000,150.128.97.79 Network I/O,,,,true,0,0,0,0,0,DESKTOP-PNUP7SF,0
1548168712990,50999,150.128.97.79 CPU,,,,true,0,0,0,0,0,DESKTOP-PNUP7SF,0
1548168713990,-2000,150.128.97.79 Disks I/O,,,,true,0,0,0,0,0,DESKTOP-PNUP7SF,0
1548168713991,40324,150.128.97.79 Memory,,,,true,0,0,0,0,0,DESKTOP-PNUP7SF,0
1548168713991,8842000,150.128.97.79 Network I/O,,,,true,0,0,0,0,0,DESKTOP-PNUP7SF,0
1548168713991,54862,150.128.97.79 CPU,,,,true,0,0,0,0,0,DESKTOP-PNUP7SF,0
1548168714992,-2000,150.128.97.79 Disks I/O,,,,true,0,0,0,0,0,DESKTOP-PNUP7SF,0
1548168714992,40324,150.128.97.79 Memory,,,,true,0,0,0,0,0,DESKTOP-PNUP7SF,0
1548168714993,8362000,150.128.97.79 Network I/O,,,,true,0,0,0,0,0,DESKTOP-PNUP7SF,0
1548168714993,50877,150.128.97.79 CPU,,,,true,0,0,0,0,0,DESKTOP-PNUP7SF,0
1548168715994,-2000,150.128.97.79 Disks I/O,,,,true,0,0,0,0,0,DESKTOP-PNUP7SF,0
1548168715994,40324,150.128.97.79 Memory,,,,true,0,0,0,0,0,DESKTOP-PNUP7SF,0
1548168715994,9988000,150.128.97.79 Network I/O,,,,true,0,0,0,0,0,DESKTOP-PNUP7SF,0
1548168715994,51122,150.128.97.79 CPU,,,,true,0,0,0,0,0,DESKTOP-PNUP7SF,0
1548168716995,-2000,150.128.97.79 Disks I/O,,,,true,0,0,0,0,0,DESKTOP-PNUP7SF,0
1548168716996,40324,150.128.97.79 Memory,,,,true,0,0,0,0,0,DESKTOP-PNUP7SF,0
1548168716996,9892000,150.128.97.79 Network I/O,,,,true,0,0,0,0,0,DESKTOP-PNUP7SF,0
1548168716996,50753,150.128.97.79 CPU,,,,true,0,0,0,0,0,DESKTOP-PNUP7SF,0
1548168717996,-2000,150.128.97.79 Disks I/O,,,,true,0,0,0,0,0,DESKTOP-PNUP7SF,0
1548168717997,40325,150.128.97.79 Memory,,,,true,0,0,0,0,0,DESKTOP-PNUP7SF,0
1548168717997,8831000,150.128.97.79 Network I/O,,,,true,0,0,0,0,0,DESKTOP-PNUP7SF,0
1548168717997,51371,150.128.97.79 CPU,,,,true,0,0,0,0,0,DESKTOP-PNUP7SF,0
1548168718997,-1948,150.128.97.79 Disks I/O,,,,true,0,0,0,0,0,DESKTOP-PNUP7SF,0
1548168718998,40325,150.128.97.79 Memory,,,,true,0,0,0,0,0,DESKTOP-PNUP7SF,0
1548168718998,7122000,150.128.97.79 Network I/O,,,,true,0,0,0,0,0,DESKTOP-PNUP7SF,0
1548168718998,55137,150.128.97.79 CPU,,,,true,0,0,0,0,0,DESKTOP-PNUP7SF,0
1548168720001,-2000,150.128.97.79 Disks I/O,,,,true,0,0,0,0,0,DESKTOP-PNUP7SF,0
1548168720001,40325,150.128.97.79 Memory,,,,true,0,0,0,0,0,DESKTOP-PNUP7SF,0
1548168720002,6868000,150.128.97.79 Network I/O,,,,true,0,0,0,0,0,DESKTOP-PNUP7SF,0
1548168720002,50753,150.128.97.79 CPU,,,,true,0,0,0,0,0,DESKTOP-PNUP7SF,0
1548168721002,-2000,150.128.97.79 Disks I/O,,,,true,0,0,0,0,0,DESKTOP-PNUP7SF,0
1548168721002,40325,150.128.97.79 Memory,,,,true,0,0,0,0,0,DESKTOP-PNUP7SF,0
1548168721002,9212000,150.128.97.79 Network I/O,,,,true,0,0,0,0,0,DESKTOP-PNUP7SF,0
1548168721002,51133,150.128.97.79 CPU,,,,true,0,0,0,0,0,DESKTOP-PNUP7SF,0
1548168722003,-2000,150.128.97.79 Disks I/O,,,,true,0,0,0,0,0,DESKTOP-PNUP7SF,0
1548168722003,40325,150.128.97.79 Memory,,,,true,0,0,0,0,0,DESKTOP-PNUP7SF,0
1548168722003,10318000,150.128.97.79 Network I/O,,,,true,0,0,0,0,0,DESKTOP-PNUP7SF,0
1548168722004,51507,150.128.97.79 CPU,,,,true,0,0,0,0,0,DESKTOP-PNUP7SF,0
1548168723005,-2000,150.128.97.79 Disks I/O,,,,true,0,0,0,0,0,DESKTOP-PNUP7SF,0
1548168723006,40325,150.128.97.79 Memory,,,,true,0,0,0,0,0,DESKTOP-PNUP7SF,0
1548168723006,9785000,150.128.97.79 Network I/O,,,,true,0,0,0,0,0,DESKTOP-PNUP7SF,0
1548168723006,51133,150.128.97.79 CPU,,,,true,0,0,0,0,0,DESKTOP-PNUP7SF,0
1548168724007,-1996,150.128.97.79 Disks I/O,,,,true,0,0,0,0,0,DESKTOP-PNUP7SF,0
1548168724007,40325,150.128.97.79 Memory,,,,true,0,0,0,0,0,DESKTOP-PNUP7SF,0
1548168724007,9490000,150.128.97.79 Network I/O,,,,true,0,0,0,0,0,DESKTOP-PNUP7SF,0
1548168724007,55889,150.128.97.79 CPU,,,,true,0,0,0,0,0,DESKTOP-PNUP7SF,0
1548168725008,-2000,150.128.97.79 Disks I/O,,,,true,0,0,0,0,0,DESKTOP-PNUP7SF,0
1548168725008,40325,150.128.97.79 Memory,,,,true,0,0,0,0,0,DESKTOP-PNUP7SF,0
1548168725008,8722000,150.128.97.79 Network I/O,,,,true,0,0,0,0,0,DESKTOP-PNUP7SF,0
1548168725008,51507,150.128.97.79 CPU,,,,true,0,0,0,0,0,DESKTOP-PNUP7SF,0
1548168726009,-1992,150.128.97.79 Disks I/O,,,,true,0,0,0,0,0,DESKTOP-PNUP7SF,0
1548168726009,40325,150.128.97.79 Memory,,,,true,0,0,0,0,0,DESKTOP-PNUP7SF,0
1548168726009,9748000,150.128.97.79 Network I/O,,,,true,0,0,0,0,0,DESKTOP-PNUP7SF,0
1548168726009,51637,150.128.97.79 CPU,,,,true,0,0,0,0,0,DESKTOP-PNUP7SF,0
1548168727009,-2000,150.128.97.79 Disks I/O,,,,true,0,0,0,0,0,DESKTOP-PNUP7SF,0
1548168727010,40327,150.128.97.79 Memory,,,,true,0,0,0,0,0,DESKTOP-PNUP7SF,0
1548168727010,10572000,150.128.97.79 Network I/O,,,,true,0,0,0,0,0,DESKTOP-PNUP7SF,0
1548168727010,51870,150.128.97.79 CPU,,,,true,0,0,0,0,0,DESKTOP-PNUP7SF,0
1548168728010,-2000,150.128.97.79 Disks I/O,,,,true,0,0,0,0,0,DESKTOP-PNUP7SF,0
1548168728010,40327,150.128.97.79 Memory,,,,true,0,0,0,0,0,DESKTOP-PNUP7SF,0
1548168728010,8521000,150.128.97.79 Network I/O,,,,true,0,0,0,0,0,DESKTOP-PNUP7SF,0
1548168728010,51262,150.128.97.79 CPU,,,,true,0,0,0,0,0,DESKTOP-PNUP7SF,0
1548168729011,855,150.128.97.79 Disks I/O,,,,true,0,0,0,0,0,DESKTOP-PNUP7SF,0
1548168729011,40326,150.128.97.79 Memory,,,,true,0,0,0,0,0,DESKTOP-PNUP7SF,0
1548168729012,9252000,150.128.97.79 Network I/O,,,,true,0,0,0,0,0,DESKTOP-PNUP7SF,0
1548168729012,55527,150.128.97.79 CPU,,,,true,0,0,0,0,0,DESKTOP-PNUP7SF,0
1548168730013,-1160,150.128.97.79 Disks I/O,,,,true,0,0,0,0,0,DESKTOP-PNUP7SF,0
1548168730014,40326,150.128.97.79 Memory,,,,true,0,0,0,0,0,DESKTOP-PNUP7SF,0
1548168730014,8192000,150.128.97.79 Network I/O,,,,true,0,0,0,0,0,DESKTOP-PNUP7SF,0
1548168730014,51500,150.128.97.79 CPU,,,,true,0,0,0,0,0,DESKTOP-PNUP7SF,0
1548168731017,-2000,150.128.97.79 Disks I/O,,,,true,0,0,0,0,0,DESKTOP-PNUP7SF,0
1548168731018,40326,150.128.97.79 Memory,,,,true,0,0,0,0,0,DESKTOP-PNUP7SF,0
1548168731018,11024000,150.128.97.79 Network I/O,,,,true,0,0,0,0,0,DESKTOP-PNUP7SF,0
1548168731018,51371,150.128.97.79 CPU,,,,true,0,0,0,0,0,DESKTOP-PNUP7SF,0
1548168732019,-2000,150.128.97.79 Disks I/O,,,,true,0,0,0,0,0,DESKTOP-PNUP7SF,0
1548168732020,40326,150.128.97.79 Memory,,,,true,0,0,0,0,0,DESKTOP-PNUP7SF,0
1548168732020,9780000,150.128.97.79 Network I/O,,,,true,0,0,0,0,0,DESKTOP-PNUP7SF,0
1548168732020,50626,150.128.97.79 CPU,,,,true,0,0,0,0,0,DESKTOP-PNUP7SF,0
1548168733021,-2000,150.128.97.79 Disks I/O,,,,true,0,0,0,0,0,DESKTOP-PNUP7SF,0
1548168733021,40326,150.128.97.79 Memory,,,,true,0,0,0,0,0,DESKTOP-PNUP7SF,0
1548168733022,9863000,150.128.97.79 Network I/O,,,,true,0,0,0,0,0,DESKTOP-PNUP7SF,0
1548168733022,50749,150.128.97.79 CPU,,,,true,0,0,0,0,0,DESKTOP-PNUP7SF,0
1548168734022,-2000,150.128.97.79 Disks I/O,,,,true,0,0,0,0,0,DESKTOP-PNUP7SF,0
1548168734023,40326,150.128.97.79 Memory,,,,true,0,0,0,0,0,DESKTOP-PNUP7SF,0
1548168734023,9158000,150.128.97.79 Network I/O,,,,true,0,0,0,0,0,DESKTOP-PNUP7SF,0
1548168734023,54683,150.128.97.79 CPU,,,,true,0,0,0,0,0,DESKTOP-PNUP7SF,0
1548168735023,-2000,150.128.97.79 Disks I/O,,,,true,0,0,0,0,0,DESKTOP-PNUP7SF,0
1548168735024,40326,150.128.97.79 Memory,,,,true,0,0,0,0,0,DESKTOP-PNUP7SF,0
1548168735024,9706000,150.128.97.79 Network I/O,,,,true,0,0,0,0,0,DESKTOP-PNUP7SF,0
1548168735024,51122,150.128.97.79 CPU,,,,true,0,0,0,0,0,DESKTOP-PNUP7SF,0
1548168736024,-2000,150.128.97.79 Disks I/O,,,,true,0,0,0,0,0,DESKTOP-PNUP7SF,0
1548168736025,40327,150.128.97.79 Memory,,,,true,0,0,0,0,0,DESKTOP-PNUP7SF,0
1548168736025,11878000,150.128.97.79 Network I/O,,,,true,0,0,0,0,0,DESKTOP-PNUP7SF,0
1548168736025,50753,150.128.97.79 CPU,,,,true,0,0,0,0,0,DESKTOP-PNUP7SF,0
1548168737025,-2000,150.128.97.79 Disks I/O,,,,true,0,0,0,0,0,DESKTOP-PNUP7SF,0
1548168737026,40327,150.128.97.79 Memory,,,,true,0,0,0,0,0,DESKTOP-PNUP7SF,0
1548168737026,9386000,150.128.97.79 Network I/O,,,,true,0,0,0,0,0,DESKTOP-PNUP7SF,0
1548168737026,50626,150.128.97.79 CPU,,,,true,0,0,0,0,0,DESKTOP-PNUP7SF,0
1548168738027,-2000,150.128.97.79 Disks I/O,,,,true,0,0,0,0,0,DESKTOP-PNUP7SF,0
1548168738028,40330,150.128.97.79 Memory,,,,true,0,0,0,0,0,DESKTOP-PNUP7SF,0
1548168738028,8521000,150.128.97.79 Network I/O,,,,true,0,0,0,0,0,DESKTOP-PNUP7SF,0
1548168738028,51000,150.128.97.79 CPU,,,,true,0,0,0,0,0,DESKTOP-PNUP7SF,0
1548168739028,-2000,150.128.97.79 Disks I/O,,,,true,0,0,0,0,0,DESKTOP-PNUP7SF,0
1548168739029,40330,150.128.97.79 Memory,,,,true,0,0,0,0,0,DESKTOP-PNUP7SF,0
1548168739029,7522000,150.128.97.79 Network I/O,,,,true,0,0,0,0,0,DESKTOP-PNUP7SF,0
1548168739030,54659,150.128.97.79 CPU,,,,true,0,0,0,0,0,DESKTOP-PNUP7SF,0
1548168740030,-2000,150.128.97.79 Disks I/O,,,,true,0,0,0,0,0,DESKTOP-PNUP7SF,0
1548168740031,40330,150.128.97.79 Memory,,,,true,0,0,0,0,0,DESKTOP-PNUP7SF,0
1548168740031,9988000,150.128.97.79 Network I/O,,,,true,0,0,0,0,0,DESKTOP-PNUP7SF,0
1548168740031,50502,150.128.97.79 CPU,,,,true,0,0,0,0,0,DESKTOP-PNUP7SF,0
1548168741031,-2000,150.128.97.79 Disks I/O,,,,true,0,0,0,0,0,DESKTOP-PNUP7SF,0
1548168741032,40330,150.128.97.79 Memory,,,,true,0,0,0,0,0,DESKTOP-PNUP7SF,0
1548168741032,11093000,150.128.97.79 Network I/O,,,,true,0,0,0,0,0,DESKTOP-PNUP7SF,0
1548168741032,50877,150.128.97.79 CPU,,,,true,0,0,0,0,0,DESKTOP-PNUP7SF,0
1548168742033,-2000,150.128.97.79 Disks I/O,,,,true,0,0,0,0,0,DESKTOP-PNUP7SF,0
1548168742034,40330,150.128.97.79 Memory,,,,true,0,0,0,0,0,DESKTOP-PNUP7SF,0
1548168742034,10443000,150.128.97.79 Network I/O,,,,true,0,0,0,0,0,DESKTOP-PNUP7SF,0
1548168742034,50629,150.128.97.79 CPU,,,,true,0,0,0,0,0,DESKTOP-PNUP7SF,0
1548168743035,-2000,150.128.97.79 Disks I/O,,,,true,0,0,0,0,0,DESKTOP-PNUP7SF,0
1548168743035,40330,150.128.97.79 Memory,,,,true,0,0,0,0,0,DESKTOP-PNUP7SF,0
1548168743035,13161000,150.128.97.79 Network I/O,,,,true,0,0,0,0,0,DESKTOP-PNUP7SF,0
1548168743036,50629,150.128.97.79 CPU,,,,true,0,0,0,0,0,DESKTOP-PNUP7SF,0
1548168744036,-2000,150.128.97.79 Disks I/O,,,,true,0,0,0,0,0,DESKTOP-PNUP7SF,0
1548168744037,40330,150.128.97.79 Memory,,,,true,0,0,0,0,0,DESKTOP-PNUP7SF,0
1548168744037,8362000,150.128.97.79 Network I/O,,,,true,0,0,0,0,0,DESKTOP-PNUP7SF,0
1548168744037,54773,150.128.97.79 CPU,,,,true,0,0,0,0,0,DESKTOP-PNUP7SF,0
1548168745038,-2000,150.128.97.79 Disks I/O,,,,true,0,0,0,0,0,DESKTOP-PNUP7SF,0
1548168745039,40330,150.128.97.79 Memory,,,,true,0,0,0,0,0,DESKTOP-PNUP7SF,0
1548168745039,8242000,150.128.97.79 Network I/O,,,,true,0,0,0,0,0,DESKTOP-PNUP7SF,0
1548168745039,50881,150.128.97.79 CPU,,,,true,0,0,0,0,0,DESKTOP-PNUP7SF,0
1548168746041,-1996,150.128.97.79 Disks I/O,,,,true,0,0,0,0,0,DESKTOP-PNUP7SF,0
1548168746041,40328,150.128.97.79 Memory,,,,true,0,0,0,0,0,DESKTOP-PNUP7SF,0
1548168746042,10928000,150.128.97.79 Network I/O,,,,true,0,0,0,0,0,DESKTOP-PNUP7SF,0
1548168746042,50626,150.128.97.79 CPU,,,,true,0,0,0,0,0,DESKTOP-PNUP7SF,0
1548168747042,-2000,150.128.97.79 Disks I/O,,,,true,0,0,0,0,0,DESKTOP-PNUP7SF,0
1548168747043,40325,150.128.97.79 Memory,,,,true,0,0,0,0,0,DESKTOP-PNUP7SF,0
1548168747043,9188000,150.128.97.79 Network I/O,,,,true,0,0,0,0,0,DESKTOP-PNUP7SF,0
1548168747043,50877,150.128.97.79 CPU,,,,true,0,0,0,0,0,DESKTOP-PNUP7SF,0
1548168748044,-2000,150.128.97.79 Disks I/O,,,,true,0,0,0,0,0,DESKTOP-PNUP7SF,0
1548168748044,40325,150.128.97.79 Memory,,,,true,0,0,0,0,0,DESKTOP-PNUP7SF,0
1548168748045,8293000,150.128.97.79 Network I/O,,,,true,0,0,0,0,0,DESKTOP-PNUP7SF,0
1548168748045,50626,150.128.97.79 CPU,,,,true,0,0,0,0,0,DESKTOP-PNUP7SF,0
1548168749046,-2000,150.128.97.79 Disks I/O,,,,true,0,0,0,0,0,DESKTOP-PNUP7SF,0
1548168749046,40326,150.128.97.79 Memory,,,,true,0,0,0,0,0,DESKTOP-PNUP7SF,0
1548168749046,8862000,150.128.97.79 Network I/O,,,,true,0,0,0,0,0,DESKTOP-PNUP7SF,0
1548168749047,54773,150.128.97.79 CPU,,,,true,0,0,0,0,0,DESKTOP-PNUP7SF,0
1548168750047,-2000,150.128.97.79 Disks I/O,,,,true,0,0,0,0,0,DESKTOP-PNUP7SF,0
1548168750048,40326,150.128.97.79 Memory,,,,true,0,0,0,0,0,DESKTOP-PNUP7SF,0
1548168750048,8216000,150.128.97.79 Network I/O,,,,true,0,0,0,0,0,DESKTOP-PNUP7SF,0
1548168750048,50749,150.128.97.79 CPU,,,,true,0,0,0,0,0,DESKTOP-PNUP7SF,0
1548168751049,-2000,150.128.97.79 Disks I/O,,,,true,0,0,0,0,0,DESKTOP-PNUP7SF,0
1548168751049,40326,150.128.97.79 Memory,,,,true,0,0,0,0,0,DESKTOP-PNUP7SF,0
1548168751049,11764000,150.128.97.79 Network I/O,,,,true,0,0,0,0,0,DESKTOP-PNUP7SF,0
1548168751049,51133,150.128.97.79 CPU,,,,true,0,0,0,0,0,DESKTOP-PNUP7SF,0
1548168752050,-2000,150.128.97.79 Disks I/O,,,,true,0,0,0,0,0,DESKTOP-PNUP7SF,0
1548168752051,40327,150.128.97.79 Memory,,,,true,0,0,0,0,0,DESKTOP-PNUP7SF,0
1548168752051,9032000,150.128.97.79 Network I/O,,,,true,0,0,0,0,0,DESKTOP-PNUP7SF,0
1548168752051,50502,150.128.97.79 CPU,,,,true,0,0,0,0,0,DESKTOP-PNUP7SF,0
1548168753052,-2000,150.128.97.79 Disks I/O,,,,true,0,0,0,0,0,DESKTOP-PNUP7SF,0
1548168753052,40327,150.128.97.79 Memory,,,,true,0,0,0,0,0,DESKTOP-PNUP7SF,0
1548168753052,7304000,150.128.97.79 Network I/O,,,,true,0,0,0,0,0,DESKTOP-PNUP7SF,0
1548168753052,50753,150.128.97.79 CPU,,,,true,0,0,0,0,0,DESKTOP-PNUP7SF,0
1548168754053,-2000,150.128.97.79 Disks I/O,,,,true,0,0,0,0,0,DESKTOP-PNUP7SF,0
1548168754054,40327,150.128.97.79 Memory,,,,true,0,0,0,0,0,DESKTOP-PNUP7SF,0
1548168754054,6802000,150.128.97.79 Network I/O,,,,true,0,0,0,0,0,DESKTOP-PNUP7SF,0
1548168754054,53615,150.128.97.79 CPU,,,,true,0,0,0,0,0,DESKTOP-PNUP7SF,0
1548168755055,-2000,150.128.97.79 Disks I/O,,,,true,0,0,0,0,0,DESKTOP-PNUP7SF,0
1548168755055,40327,150.128.97.79 Memory,,,,true,0,0,0,0,0,DESKTOP-PNUP7SF,0
1548168755055,6993000,150.128.97.79 Network I/O,,,,true,0,0,0,0,0,DESKTOP-PNUP7SF,0
1548168755056,50629,150.128.97.79 CPU,,,,true,0,0,0,0,0,DESKTOP-PNUP7SF,0
1548168756056,-1996,150.128.97.79 Disks I/O,,,,true,0,0,0,0,0,DESKTOP-PNUP7SF,0
1548168756057,40327,150.128.97.79 Memory,,,,true,0,0,0,0,0,DESKTOP-PNUP7SF,0
1548168756057,8668000,150.128.97.79 Network I/O,,,,true,0,0,0,0,0,DESKTOP-PNUP7SF,0
1548168756057,51127,150.128.97.79 CPU,,,,true,0,0,0,0,0,DESKTOP-PNUP7SF,0
1548168757059,-2000,150.128.97.79 Disks I/O,,,,true,0,0,0,0,0,DESKTOP-PNUP7SF,0
1548168757059,40327,150.128.97.79 Memory,,,,true,0,0,0,0,0,DESKTOP-PNUP7SF,0
1548168757060,9184000,150.128.97.79 Network I/O,,,,true,0,0,0,0,0,DESKTOP-PNUP7SF,0
1548168757060,50877,150.128.97.79 CPU,,,,true,0,0,0,0,0,DESKTOP-PNUP7SF,0
1548168758060,-2000,150.128.97.79 Disks I/O,,,,true,0,0,0,0,0,DESKTOP-PNUP7SF,0
1548168758061,40327,150.128.97.79 Memory,,,,true,0,0,0,0,0,DESKTOP-PNUP7SF,0
1548168758061,6682000,150.128.97.79 Network I/O,,,,true,0,0,0,0,0,DESKTOP-PNUP7SF,0
1548168758061,50749,150.128.97.79 CPU,,,,true,0,0,0,0,0,DESKTOP-PNUP7SF,0
1548168759062,-1500,150.128.97.79 Disks I/O,,,,true,0,0,0,0,0,DESKTOP-PNUP7SF,0
1548168759063,40333,150.128.97.79 Memory,,,,true,0,0,0,0,0,DESKTOP-PNUP7SF,0
1548168759064,8761000,150.128.97.79 Network I/O,,,,true,0,0,0,0,0,DESKTOP-PNUP7SF,0
1548168759064,54364,150.128.97.79 CPU,,,,true,0,0,0,0,0,DESKTOP-PNUP7SF,0
1548168760064,-2000,150.128.97.79 Disks I/O,,,,true,0,0,0,0,0,DESKTOP-PNUP7SF,0
1548168760065,40331,150.128.97.79 Memory,,,,true,0,0,0,0,0,DESKTOP-PNUP7SF,0
1548168760065,8788000,150.128.97.79 Network I/O,,,,true,0,0,0,0,0,DESKTOP-PNUP7SF,0
1548168760065,51237,150.128.97.79 CPU,,,,true,0,0,0,0,0,DESKTOP-PNUP7SF,0
1548168761066,-1912,150.128.97.79 Disks I/O,,,,true,0,0,0,0,0,DESKTOP-PNUP7SF,0
1548168761066,40331,150.128.97.79 Memory,,,,true,0,0,0,0,0,DESKTOP-PNUP7SF,0
1548168761067,9626000,150.128.97.79 Network I/O,,,,true,0,0,0,0,0,DESKTOP-PNUP7SF,0
1548168761067,51015,150.128.97.79 CPU,,,,true,0,0,0,0,0,DESKTOP-PNUP7SF,0
1548168762067,-2000,150.128.97.79 Disks I/O,,,,true,0,0,0,0,0,DESKTOP-PNUP7SF,0
1548168762067,40331,150.128.97.79 Memory,,,,true,0,0,0,0,0,DESKTOP-PNUP7SF,0
1548168762067,9998000,150.128.97.79 Network I/O,,,,true,0,0,0,0,0,DESKTOP-PNUP7SF,0
1548168762068,51122,150.128.97.79 CPU,,,,true,0,0,0,0,0,DESKTOP-PNUP7SF,0
1548168763068,-2000,150.128.97.79 Disks I/O,,,,true,0,0,0,0,0,DESKTOP-PNUP7SF,0
1548168763069,40331,150.128.97.79 Memory,,,,true,0,0,0,0,0,DESKTOP-PNUP7SF,0
1548168763069,9156000,150.128.97.79 Network I/O,,,,true,0,0,0,0,0,DESKTOP-PNUP7SF,0
1548168763070,50753,150.128.97.79 CPU,,,,true,0,0,0,0,0,DESKTOP-PNUP7SF,0
1548168764071,-1944,150.128.97.79 Disks I/O,,,,true,0,0,0,0,0,DESKTOP-PNUP7SF,0
1548168764071,40333,150.128.97.79 Memory,,,,true,0,0,0,0,0,DESKTOP-PNUP7SF,0
1548168764071,8252000,150.128.97.79 Network I/O,,,,true,0,0,0,0,0,DESKTOP-PNUP7SF,0
1548168764071,54177,150.128.97.79 CPU,,,,true,0,0,0,0,0,DESKTOP-PNUP7SF,0
1548168765072,-1984,150.128.97.79 Disks I/O,,,,true,0,0,0,0,0,DESKTOP-PNUP7SF,0
1548168765072,40331,150.128.97.79 Memory,,,,true,0,0,0,0,0,DESKTOP-PNUP7SF,0
1548168765072,7363000,150.128.97.79 Network I/O,,,,true,0,0,0,0,0,DESKTOP-PNUP7SF,0
1548168765073,50623,150.128.97.79 CPU,,,,true,0,0,0,0,0,DESKTOP-PNUP7SF,0
1548168766073,-1996,150.128.97.79 Disks I/O,,,,true,0,0,0,0,0,DESKTOP-PNUP7SF,0
1548168766074,40331,150.128.97.79 Memory,,,,true,0,0,0,0,0,DESKTOP-PNUP7SF,0
1548168766074,10994000,150.128.97.79 Network I/O,,,,true,0,0,0,0,0,DESKTOP-PNUP7SF,0
1548168766074,50753,150.128.97.79 CPU,,,,true,0,0,0,0,0,DESKTOP-PNUP7SF,0
1548168767075,-2000,150.128.97.79 Disks I/O,,,,true,0,0,0,0,0,DESKTOP-PNUP7SF,0
1548168767076,40326,150.128.97.79 Memory,,,,true,0,0,0,0,0,DESKTOP-PNUP7SF,0
1548168767076,8546000,150.128.97.79 Network I/O,,,,true,0,0,0,0,0,DESKTOP-PNUP7SF,0
1548168767076,50749,150.128.97.79 CPU,,,,true,0,0,0,0,0,DESKTOP-PNUP7SF,0
1548168768077,-2000,150.128.97.79 Disks I/O,,,,true,0,0,0,0,0,DESKTOP-PNUP7SF,0
1548168768078,40272,150.128.97.79 Memory,,,,true,0,0,0,0,0,DESKTOP-PNUP7SF,0
1548168768078,7382000,150.128.97.79 Network I/O,,,,true,0,0,0,0,0,DESKTOP-PNUP7SF,0
1548168768078,51371,150.128.97.79 CPU,,,,true,0,0,0,0,0,DESKTOP-PNUP7SF,0
1548168769080,-2000,150.128.97.79 Disks I/O,,,,true,0,0,0,0,0,DESKTOP-PNUP7SF,0
1548168769080,40272,150.128.97.79 Memory,,,,true,0,0,0,0,0,DESKTOP-PNUP7SF,0
1548168769081,8281000,150.128.97.79 Network I/O,,,,true,0,0,0,0,0,DESKTOP-PNUP7SF,0
1548168769081,53517,150.128.97.79 CPU,,,,true,0,0,0,0,0,DESKTOP-PNUP7SF,0
1548168770081,-2000,150.128.97.79 Disks I/O,,,,true,0,0,0,0,0,DESKTOP-PNUP7SF,0
1548168770082,40272,150.128.97.79 Memory,,,,true,0,0,0,0,0,DESKTOP-PNUP7SF,0
1548168770082,8498000,150.128.97.79 Network I/O,,,,true,0,0,0,0,0,DESKTOP-PNUP7SF,0
1548168770082,50626,150.128.97.79 CPU,,,,true,0,0,0,0,0,DESKTOP-PNUP7SF,0
1548168771083,-2000,150.128.97.79 Disks I/O,,,,true,0,0,0,0,0,DESKTOP-PNUP7SF,0
1548168771083,40272,150.128.97.79 Memory,,,,true,0,0,0,0,0,DESKTOP-PNUP7SF,0
1548168771083,9964000,150.128.97.79 Network I/O,,,,true,0,0,0,0,0,DESKTOP-PNUP7SF,0
1548168771083,50623,150.128.97.79 CPU,,,,true,0,0,0,0,0,DESKTOP-PNUP7SF,0
1548168772084,-2000,150.128.97.79 Disks I/O,,,,true,0,0,0,0,0,DESKTOP-PNUP7SF,0
1548168772085,40272,150.128.97.79 Memory,,,,true,0,0,0,0,0,DESKTOP-PNUP7SF,0
1548168772085,8902000,150.128.97.79 Network I/O,,,,true,0,0,0,0,0,DESKTOP-PNUP7SF,0
1548168772085,50753,150.128.97.79 CPU,,,,true,0,0,0,0,0,DESKTOP-PNUP7SF,0
1548168773086,-2000,150.128.97.79 Disks I/O,,,,true,0,0,0,0,0,DESKTOP-PNUP7SF,0
1548168773086,40311,150.128.97.79 Memory,,,,true,0,0,0,0,0,DESKTOP-PNUP7SF,0
1548168773086,12468000,150.128.97.79 Network I/O,,,,true,0,0,0,0,0,DESKTOP-PNUP7SF,0
1548168773087,60000,150.128.97.79 CPU,,,,true,0,0,0,0,0,DESKTOP-PNUP7SF,0
1548168774087,-2000,150.128.97.79 Disks I/O,,,,true,0,0,0,0,0,DESKTOP-PNUP7SF,0
1548168774088,40312,150.128.97.79 Memory,,,,true,0,0,0,0,0,DESKTOP-PNUP7SF,0
1548168774088,8175000,150.128.97.79 Network I/O,,,,true,0,0,0,0,0,DESKTOP-PNUP7SF,0
1548168774088,51515,150.128.97.79 CPU,,,,true,0,0,0,0,0,DESKTOP-PNUP7SF,0
1548168775089,-2000,150.128.97.79 Disks I/O,,,,true,0,0,0,0,0,DESKTOP-PNUP7SF,0
1548168775090,40312,150.128.97.79 Memory,,,,true,0,0,0,0,0,DESKTOP-PNUP7SF,0
1548168775090,7522000,150.128.97.79 Network I/O,,,,true,0,0,0,0,0,DESKTOP-PNUP7SF,0
1548168775090,50500,150.128.97.79 CPU,,,,true,0,0,0,0,0,DESKTOP-PNUP7SF,0
1548168776090,-2000,150.128.97.79 Disks I/O,,,,true,0,0,0,0,0,DESKTOP-PNUP7SF,0
1548168776091,40313,150.128.97.79 Memory,,,,true,0,0,0,0,0,DESKTOP-PNUP7SF,0
1548168776091,9712000,150.128.97.79 Network I/O,,,,true,0,0,0,0,0,DESKTOP-PNUP7SF,0
1548168776091,50995,150.128.97.79 CPU,,,,true,0,0,0,0,0,DESKTOP-PNUP7SF,0
1548168777092,-2000,150.128.97.79 Disks I/O,,,,true,0,0,0,0,0,DESKTOP-PNUP7SF,0
1548168777092,40311,150.128.97.79 Memory,,,,true,0,0,0,0,0,DESKTOP-PNUP7SF,0
1548168777092,8642000,150.128.97.79 Network I/O,,,,true,0,0,0,0,0,DESKTOP-PNUP7SF,0
1548168777093,50753,150.128.97.79 CPU,,,,true,0,0,0,0,0,DESKTOP-PNUP7SF,0
1548168778094,-1992,150.128.97.79 Disks I/O,,,,true,0,0,0,0,0,DESKTOP-PNUP7SF,0
1548168778095,40315,150.128.97.79 Memory,,,,true,0,0,0,0,0,DESKTOP-PNUP7SF,0
1548168778095,8620000,150.128.97.79 Network I/O,,,,true,0,0,0,0,0,DESKTOP-PNUP7SF,0
1548168778095,51507,150.128.97.79 CPU,,,,true,0,0,0,0,0,DESKTOP-PNUP7SF,0
1548168779096,-2000,150.128.97.79 Disks I/O,,,,true,0,0,0,0,0,DESKTOP-PNUP7SF,0
1548168779096,40315,150.128.97.79 Memory,,,,true,0,0,0,0,0,DESKTOP-PNUP7SF,0
1548168779096,8214000,150.128.97.79 Network I/O,,,,true,0,0,0,0,0,DESKTOP-PNUP7SF,0
1548168779097,52130,150.128.97.79 CPU,,,,true,0,0,0,0,0,DESKTOP-PNUP7SF,0
1548168780097,-2000,150.128.97.79 Disks I/O,,,,true,0,0,0,0,0,DESKTOP-PNUP7SF,0
1548168780097,40315,150.128.97.79 Memory,,,,true,0,0,0,0,0,DESKTOP-PNUP7SF,0
1548168780097,7983000,150.128.97.79 Network I/O,,,,true,0,0,0,0,0,DESKTOP-PNUP7SF,0
1548168780097,50753,150.128.97.79 CPU,,,,true,0,0,0,0,0,DESKTOP-PNUP7SF,0
1548168781098,-2000,150.128.97.79 Disks I/O,,,,true,0,0,0,0,0,DESKTOP-PNUP7SF,0
1548168781098,40315,150.128.97.79 Memory,,,,true,0,0,0,0,0,DESKTOP-PNUP7SF,0
1548168781099,9026000,150.128.97.79 Network I/O,,,,true,0,0,0,0,0,DESKTOP-PNUP7SF,0
1548168781099,50868,150.128.97.79 CPU,,,,true,0,0,0,0,0,DESKTOP-PNUP7SF,0
1548168782100,-2000,150.128.97.79 Disks I/O,,,,true,0,0,0,0,0,DESKTOP-PNUP7SF,0
1548168782101,40315,150.128.97.79 Memory,,,,true,0,0,0,0,0,DESKTOP-PNUP7SF,0
1548168782101,9412000,150.128.97.79 Network I/O,,,,true,0,0,0,0,0,DESKTOP-PNUP7SF,0
1548168782101,50872,150.128.97.79 CPU,,,,true,0,0,0,0,0,DESKTOP-PNUP7SF,0
1548168783102,-2000,150.128.97.79 Disks I/O,,,,true,0,0,0,0,0,DESKTOP-PNUP7SF,0
1548168783102,40315,150.128.97.79 Memory,,,,true,0,0,0,0,0,DESKTOP-PNUP7SF,0
1548168783102,7942000,150.128.97.79 Network I/O,,,,true,0,0,0,0,0,DESKTOP-PNUP7SF,0
1548168783103,50877,150.128.97.79 CPU,,,,true,0,0,0,0,0,DESKTOP-PNUP7SF,0
1548168784104,-2000,150.128.97.79 Disks I/O,,,,true,0,0,0,0,0,DESKTOP-PNUP7SF,0
1548168784104,40316,150.128.97.79 Memory,,,,true,0,0,0,0,0,DESKTOP-PNUP7SF,0
1548168784104,8501000,150.128.97.79 Network I/O,,,,true,0,0,0,0,0,DESKTOP-PNUP7SF,0
1548168784104,52500,150.128.97.79 CPU,,,,true,0,0,0,0,0,DESKTOP-PNUP7SF,0
1548168785105,-2000,150.128.97.79 Disks I/O,,,,true,0,0,0,0,0,DESKTOP-PNUP7SF,0
1548168785105,40316,150.128.97.79 Memory,,,,true,0,0,0,0,0,DESKTOP-PNUP7SF,0
1548168785105,7902000,150.128.97.79 Network I/O,,,,true,0,0,0,0,0,DESKTOP-PNUP7SF,0
1548168785106,50877,150.128.97.79 CPU,,,,true,0,0,0,0,0,DESKTOP-PNUP7SF,0
1548168786106,-1980,150.128.97.79 Disks I/O,,,,true,0,0,0,0,0,DESKTOP-PNUP7SF,0
1548168786107,40316,150.128.97.79 Memory,,,,true,0,0,0,0,0,DESKTOP-PNUP7SF,0
1548168786107,9888000,150.128.97.79 Network I/O,,,,true,0,0,0,0,0,DESKTOP-PNUP7SF,0
1548168786107,50749,150.128.97.79 CPU,,,,true,0,0,0,0,0,DESKTOP-PNUP7SF,0
1548168787108,-2000,150.128.97.79 Disks I/O,,,,true,0,0,0,0,0,DESKTOP-PNUP7SF,0
1548168787109,40319,150.128.97.79 Memory,,,,true,0,0,0,0,0,DESKTOP-PNUP7SF,0
1548168787109,9372000,150.128.97.79 Network I/O,,,,true,0,0,0,0,0,DESKTOP-PNUP7SF,0
1548168787109,50877,150.128.97.79 CPU,,,,true,0,0,0,0,0,DESKTOP-PNUP7SF,0
1548168788110,-1996,150.128.97.79 Disks I/O,,,,true,0,0,0,0,0,DESKTOP-PNUP7SF,0
1548168788110,40319,150.128.97.79 Memory,,,,true,0,0,0,0,0,DESKTOP-PNUP7SF,0
1548168788110,73036000,150.128.97.79 Network I/O,,,,true,0,0,0,0,0,DESKTOP-PNUP7SF,0
1548168788111,58646,150.128.97.79 CPU,,,,true,0,0,0,0,0,DESKTOP-PNUP7SF,0
1548168789112,-1984,150.128.97.79 Disks I/O,,,,true,0,0,0,0,0,DESKTOP-PNUP7SF,0
1548168789112,40318,150.128.97.79 Memory,,,,true,0,0,0,0,0,DESKTOP-PNUP7SF,0
1548168789113,73378000,150.128.97.79 Network I/O,,,,true,0,0,0,0,0,DESKTOP-PNUP7SF,0
1548168789113,60000,150.128.97.79 CPU,,,,true,0,0,0,0,0,DESKTOP-PNUP7SF,0
1548168790113,-1996,150.128.97.79 Disks I/O,,,,true,0,0,0,0,0,DESKTOP-PNUP7SF,0
1548168790114,40318,150.128.97.79 Memory,,,,true,0,0,0,0,0,DESKTOP-PNUP7SF,0
1548168790114,72400000,150.128.97.79 Network I/O,,,,true,0,0,0,0,0,DESKTOP-PNUP7SF,0
1548168790114,59045,150.128.97.79 CPU,,,,true,0,0,0,0,0,DESKTOP-PNUP7SF,0
1548168791114,-2000,150.128.97.79 Disks I/O,,,,true,0,0,0,0,0,DESKTOP-PNUP7SF,0
1548168791114,40317,150.128.97.79 Memory,,,,true,0,0,0,0,0,DESKTOP-PNUP7SF,0
1548168791114,9210000,150.128.97.79 Network I/O,,,,true,0,0,0,0,0,DESKTOP-PNUP7SF,0
1548168791114,50872,150.128.97.79 CPU,,,,true,0,0,0,0,0,DESKTOP-PNUP7SF,0
1548168792115,-2000,150.128.97.79 Disks I/O,,,,true,0,0,0,0,0,DESKTOP-PNUP7SF,0
1548168792115,40318,150.128.97.79 Memory,,,,true,0,0,0,0,0,DESKTOP-PNUP7SF,0
1548168792115,8332000,150.128.97.79 Network I/O,,,,true,0,0,0,0,0,DESKTOP-PNUP7SF,0
1548168792116,51378,150.128.97.79 CPU,,,,true,0,0,0,0,0,DESKTOP-PNUP7SF,0
1548168793116,-2000,150.128.97.79 Disks I/O,,,,true,0,0,0,0,0,DESKTOP-PNUP7SF,0
1548168793117,40318,150.128.97.79 Memory,,,,true,0,0,0,0,0,DESKTOP-PNUP7SF,0
1548168793117,7542000,150.128.97.79 Network I/O,,,,true,0,0,0,0,0,DESKTOP-PNUP7SF,0
1548168793117,51500,150.128.97.79 CPU,,,,true,0,0,0,0,0,DESKTOP-PNUP7SF,0
1548168794118,-2000,150.128.97.79 Disks I/O,,,,true,0,0,0,0,0,DESKTOP-PNUP7SF,0
1548168794121,40318,150.128.97.79 Memory,,,,true,0,0,0,0,0,DESKTOP-PNUP7SF,0
1548168794121,8873000,150.128.97.79 Network I/O,,,,true,0,0,0,0,0,DESKTOP-PNUP7SF,0
1548168794121,55050,150.128.97.79 CPU,,,,true,0,0,0,0,0,DESKTOP-PNUP7SF,0
1548168795122,-1440,150.128.97.79 Disks I/O,,,,true,0,0,0,0,0,DESKTOP-PNUP7SF,0
1548168795122,40318,150.128.97.79 Memory,,,,true,0,0,0,0,0,DESKTOP-PNUP7SF,0
1548168795122,8222000,150.128.97.79 Network I/O,,,,true,0,0,0,0,0,DESKTOP-PNUP7SF,0
1548168795122,51637,150.128.97.79 CPU,,,,true,0,0,0,0,0,DESKTOP-PNUP7SF,0
1548168796122,-2000,150.128.97.79 Disks I/O,,,,true,0,0,0,0,0,DESKTOP-PNUP7SF,0
1548168796123,40318,150.128.97.79 Memory,,,,true,0,0,0,0,0,DESKTOP-PNUP7SF,0
1548168796123,11284000,150.128.97.79 Network I/O,,,,true,0,0,0,0,0,DESKTOP-PNUP7SF,0
1548168796123,51256,150.128.97.79 CPU,,,,true,0,0,0,0,0,DESKTOP-PNUP7SF,0
1548168797123,-1996,150.128.97.79 Disks I/O,,,,true,0,0,0,0,0,DESKTOP-PNUP7SF,0
1548168797123,40318,150.128.97.79 Memory,,,,true,0,0,0,0,0,DESKTOP-PNUP7SF,0
1548168797123,8526000,150.128.97.79 Network I/O,,,,true,0,0,0,0,0,DESKTOP-PNUP7SF,0
1548168797123,51249,150.128.97.79 CPU,,,,true,0,0,0,0,0,DESKTOP-PNUP7SF,0
1548168798124,-2000,150.128.97.79 Disks I/O,,,,true,0,0,0,0,0,DESKTOP-PNUP7SF,0
1548168798125,40320,150.128.97.79 Memory,,,,true,0,0,0,0,0,DESKTOP-PNUP7SF,0
1548168798125,7402000,150.128.97.79 Network I/O,,,,true,0,0,0,0,0,DESKTOP-PNUP7SF,0
1548168798126,51127,150.128.97.79 CPU,,,,true,0,0,0,0,0,DESKTOP-PNUP7SF,0
1548168799126,-2000,150.128.97.79 Disks I/O,,,,true,0,0,0,0,0,DESKTOP-PNUP7SF,0
1548168799127,40320,150.128.97.79 Memory,,,,true,0,0,0,0,0,DESKTOP-PNUP7SF,0
1548168799127,7544000,150.128.97.79 Network I/O,,,,true,0,0,0,0,0,DESKTOP-PNUP7SF,0
1548168799128,54887,150.128.97.79 CPU,,,,true,0,0,0,0,0,DESKTOP-PNUP7SF,0
1548168800128,-2000,150.128.97.79 Disks I/O,,,,true,0,0,0,0,0,DESKTOP-PNUP7SF,0
1548168800129,40320,150.128.97.79 Memory,,,,true,0,0,0,0,0,DESKTOP-PNUP7SF,0
1548168800129,7299000,150.128.97.79 Network I/O,,,,true,0,0,0,0,0,DESKTOP-PNUP7SF,0
1548168800129,51378,150.128.97.79 CPU,,,,true,0,0,0,0,0,DESKTOP-PNUP7SF,0
1548168801130,-2000,150.128.97.79 Disks I/O,,,,true,0,0,0,0,0,DESKTOP-PNUP7SF,0
1548168801130,40321,150.128.97.79 Memory,,,,true,0,0,0,0,0,DESKTOP-PNUP7SF,0
1548168801132,10008000,150.128.97.79 Network I/O,,,,true,0,0,0,0,0,DESKTOP-PNUP7SF,0
1548168801133,51629,150.128.97.79 CPU,,,,true,0,0,0,0,0,DESKTOP-PNUP7SF,0
1548168802134,-2000,150.128.97.79 Disks I/O,,,,true,0,0,0,0,0,DESKTOP-PNUP7SF,0
1548168802134,40321,150.128.97.79 Memory,,,,true,0,0,0,0,0,DESKTOP-PNUP7SF,0
1548168802134,9652000,150.128.97.79 Network I/O,,,,true,0,0,0,0,0,DESKTOP-PNUP7SF,0
1548168802135,50753,150.128.97.79 CPU,,,,true,0,0,0,0,0,DESKTOP-PNUP7SF,0
